Id de pago,fecha,CVU/CBU, Valor 
10000,11/4/2025,2129873779400220000000, $112.950 
10001,2/4/2025,4919495851948610000000, $125.434 
10002,15/4/2025,4561779673192690000000, $185.157 
10003,15/4/2025,3266747550821390000000, $84.326 
10004,11/4/2025,6097490679148810000000, $142.748 
10005,11/4/2025,3354991467350240000000, $184.281 
10006,3/4/2025,6871877630907340000000, $97.307 
10007,2/4/2025,9798767349218530000000, $120.926 
10008,12/4/2025,5117305773618830000000, $76.239 
10009,13/4/2025,6097490679148810000000, $105.576 
10010,2/4/2025,7953401268952790000000, $139.730 
10011,7/4/2025,5120658000397530000000, $115.897 
10012,5/4/2025,4609186475649680000000, $162.901 
10013,15/4/2025,9301914663635570000000, $95.757 
10014,11/4/2025,7138512868566790000000, $188.225 
10015,8/4/2025,8445671467790750000000, $62.847 
10016,4/4/2025,6871877630907340000000, $199.060 
10017,9/4/2025,4006646858395060000000, $122.979 
10018,14/4/2025,5930181715250340000000, $174.975 
10019,13/4/2025,4985434974457620000000, $171.635 
10020,8/4/2025,2476716673525860000000, $108.919 
10021,13/4/2025,5973855585697530000000, $108.315 
10022,4/4/2025,9873052363609460000000, $166.476 
10023,6/4/2025,4756975101210820000000, $139.624 
10024,15/4/2025,5468347189492110000000, $175.760 
10025,15/4/2025,5468347189492110000000, $164.264 
10026,2/4/2025,9064821306055800000000, $91.916 
10027,2/4/2025,8672747146995710000000, $124.206 
10028,6/4/2025,8671363847364540000000, $181.768 
10029,8/4/2025,8445671467790750000000, $141.736 
10030,11/4/2025,3253840470755770000000, $161.232 
10031,11/4/2025,4919495851948610000000, $151.477 
10032,14/4/2025,5117305773618830000000, $166.315 
10033,12/4/2025,7863471034839500000000, $107.948 
10034,2/4/2025,4203623168121110000000, $59.196 
10035,11/4/2025,2698999302843630000000, $98.079 
10036,13/4/2025,4058688834338790000000, $76.236 
10037,5/4/2025,4649132091620120000000, $62.874 
10038,14/4/2025,4058688834338790000000, $185.657 
10039,13/4/2025,6758376167184140000000, $166.997 
10040,3/4/2025,8944383491849780000000, $81.634 
10041,15/4/2025,9090011910089050000000, $55.564 
10042,13/4/2025,8552897590627620000000, $123.722 
10043,11/4/2025,2281135864391360000000, $187.309 
10044,10/4/2025,9798767349218530000000, $197.279 
10045,11/4/2025,4985434974457620000000, $95.601 
10046,12/4/2025,7152486951219100000000, $167.568 
10047,5/4/2025,8555737009968730000000, $191.689 
10048,10/4/2025,5103976690518920000000, $53.613 
10049,6/4/2025,3569167187044620000000, $59.739 
10050,5/4/2025,8552897590627620000000, $83.374 
10051,10/4/2025,8401655961961310000000, $124.280 
10052,5/4/2025,3253840470755770000000, $137.671 
10053,3/4/2025,4207339942053770000000, $170.898 
10054,2/4/2025,2476716673525860000000, $136.676 
10055,4/4/2025,9090011910089050000000, $178.213 
10056,3/4/2025,8672747146995710000000, $58.561 
10057,2/4/2025,3569167187044620000000, $108.594 
10058,4/4/2025,8555737009968730000000, $81.616 
10059,4/4/2025,1135532276120800000000, $144.215 
10060,2/4/2025,8671363847364540000000, $175.137 
10061,2/4/2025,7168192492596300000000, $57.203 
10062,6/4/2025,8149043925352400000000, $165.754 
10063,5/4/2025,2129873779400220000000, $78.449 
10064,7/4/2025,8671363847364540000000, $194.267 
10065,2/4/2025,4006646858395060000000, $107.493 
10066,7/4/2025,9786775943413510000000, $138.442 
10067,10/4/2025,5513026903129130000000, $64.400 
10068,10/4/2025,4609186475649680000000, $142.753 
10069,1/4/2025,4985434974457620000000, $67.201 
10070,12/4/2025,1112192065530490000000, $177.792 
10071,14/4/2025,4738588789752250000000, $159.595 
10072,8/4/2025,8944383491849780000000, $113.993 
10073,6/4/2025,5738542183850040000000, $54.730 
10074,10/4/2025,9391219716521860000000, $65.446 
10075,1/4/2025,9098586370061070000000, $182.848 
10076,10/4/2025,3569167187044620000000, $88.082 
10077,11/4/2025,9798767349218530000000, $178.028 
10078,2/4/2025,4279197314180250000000, $149.011 
10079,4/4/2025,2314407897385040000000, $122.044 
10080,14/4/2025,5465692922711630000000, $130.988 
10081,14/4/2025,1599906229584790000000, $182.489 
10082,15/4/2025,8571141132270220000000, $112.307 
10083,15/4/2025,4141229099761540000000, $77.872 
10084,12/4/2025,2645474487824410000000, $151.422 
10085,1/4/2025,7385183762532280000000, $174.904 
10086,8/4/2025,7863471034839500000000, $123.038 
10087,1/4/2025,6097490679148810000000, $193.636 
10088,14/4/2025,3154817750445590000000, $87.472 
10089,3/4/2025,2314407897385040000000, $157.160 
10090,7/4/2025,4022832933031750000000, $144.005 
10091,2/4/2025,4141229099761540000000, $124.015 
10092,12/4/2025,8469153896754610000000, $156.905 
10093,6/4/2025,8672747146995710000000, $86.298 
10094,12/4/2025,4649132091620120000000, $117.108 
10095,2/4/2025,8466841099794280000000, $132.667 
10096,10/4/2025,3392326707794260000000, $159.011 
10097,10/4/2025,8149043925352400000000, $60.129 
10098,1/4/2025,7953401268952790000000, $144.491 
10099,7/4/2025,6522317459479750000000, $53.029 
10100,10/4/2025,3266747550821390000000, $73.339 
10101,15/4/2025,9531471274862790000000, $75.565 
10102,3/4/2025,8913811465076470000000, $191.481 
10103,10/4/2025,5782501953513740000000, $142.805 
10104,9/4/2025,5846237021143900000000, $135.205 
10105,11/4/2025,9064821306055800000000, $131.124 
10106,3/4/2025,7899686173854950000000, $52.804 
10107,14/4/2025,2772929965369000000000, $113.558 
10108,15/4/2025,4738588789752250000000, $89.952 
10109,1/4/2025,7463433831270050000000, $114.714 
10110,13/4/2025,6062510864724680000000, $63.979 
10111,6/4/2025,4141229099761540000000, $84.192 
10112,7/4/2025,4625104199305210000000, $90.006 
10113,15/4/2025,4921783310033160000000, $121.681 
10114,11/4/2025,8571141132270220000000, $91.794 
10115,11/4/2025,4649132091620120000000, $174.366 
10116,8/4/2025,8956755084607460000000, $51.957 
10117,4/4/2025,4279197314180250000000, $185.722 
10118,11/4/2025,7385183762532280000000, $68.638 
10119,13/4/2025,1686688768285500000000, $171.749 
10120,8/4/2025,8552897590627620000000, $128.283 
10121,2/4/2025,2645474487824410000000, $104.153 
10122,11/4/2025,7997907978126240000000, $163.735 
10123,3/4/2025,2548682223996000000000, $88.595 
10124,3/4/2025,6793018414117640000000, $109.446 
10125,3/4/2025,2567099084090720000000, $91.004 
10126,2/4/2025,2003509300646090000000, $154.977 
10127,3/4/2025,2898753242884000000000, $74.005 
10128,15/4/2025,3542404477456310000000, $72.262 
10129,13/4/2025,6793018414117640000000, $187.970 
10130,14/4/2025,6522317459479750000000, $171.716 
10131,7/4/2025,9959869731196110000000, $89.644 
10132,2/4/2025,3266747550821390000000, $81.564 
10133,15/4/2025,2645474487824410000000, $173.907 
10134,15/4/2025,3139598518491610000000, $131.409 
10135,10/4/2025,1686688768285500000000, $180.229 
10136,14/4/2025,1529399085474410000000, $101.120 
10137,1/4/2025,4203623168121110000000, $178.474 
10138,5/4/2025,8913811465076470000000, $122.916 
10139,2/4/2025,7152486951219100000000, $190.857 
10140,10/4/2025,4649132091620120000000, $72.312 
10141,10/4/2025,1529399085474410000000, $116.006 
10142,3/4/2025,2698999302843630000000, $66.267 
10143,6/4/2025,3903575001225800000000, $62.321 
10144,12/4/2025,8401655961961310000000, $138.938 
10145,14/4/2025,8571141132270220000000, $83.519 
10146,3/4/2025,8913811465076470000000, $191.864 
10147,6/4/2025,9098586370061070000000, $101.410 
10148,13/4/2025,9531471274862790000000, $194.457 
10149,15/4/2025,8899158762922760000000, $58.367 
10150,5/4/2025,8671363847364540000000, $161.317 
10151,13/4/2025,8899158762922760000000, $177.517 
10152,11/4/2025,4985434974457620000000, $154.274 
10153,3/4/2025,8445671467790750000000, $131.123 
10154,6/4/2025,4207339942053770000000, $79.755 
10155,1/4/2025,9090011910089050000000, $122.072 
10156,6/4/2025,9098586370061070000000, $59.376 
10157,8/4/2025,4738588789752250000000, $55.760 
10158,9/4/2025,3154817750445590000000, $80.366 
10159,13/4/2025,7340960534911110000000, $52.790 
10160,12/4/2025,1831622936090280000000, $150.762 
10161,6/4/2025,1529399085474410000000, $111.130 
10162,10/4/2025,8306963095360180000000, $122.167 
10163,6/4/2025,1424460508640730000000, $65.353 
10164,9/4/2025,9485782608370420000000, $143.597 
10165,14/4/2025,7463433831270050000000, $93.951 
10166,2/4/2025,7900703138674360000000, $53.395 
10167,15/4/2025,3622546757575540000000, $57.614 
10168,5/4/2025,5986565278541760000000, $92.521 
10169,6/4/2025,9918705234345920000000, $106.857 
10170,5/4/2025,9064821306055800000000, $72.588 
10171,6/4/2025,9391219716521860000000, $191.214 
10172,2/4/2025,6927359023042170000000, $94.924 
10173,2/4/2025,4919495851948610000000, $134.007 
10174,7/4/2025,8306963095360180000000, $144.927 
10175,13/4/2025,8327358679900400000000, $160.129 
10176,10/4/2025,2281135864391360000000, $191.580 
10177,5/4/2025,1831622936090280000000, $101.716 
10178,9/4/2025,5846237021143900000000, $162.066 
10179,2/4/2025,8466841099794280000000, $84.101 
10180,3/4/2025,8306963095360180000000, $64.784 
10181,3/4/2025,8203993523394500000000, $81.350 
10182,9/4/2025,3967038078211300000000, $97.390 
10183,3/4/2025,7899686173854950000000, $186.536 
10184,1/4/2025,7463433831270050000000, $54.050 
10185,5/4/2025,4198878848270070000000, $112.133 
10186,4/4/2025,3266747550821390000000, $189.127 
10187,6/4/2025,5986565278541760000000, $131.929 
10188,6/4/2025,4921783310033160000000, $102.589 
10189,9/4/2025,9918705234345920000000, $76.701 
10190,7/4/2025,5782501953513740000000, $106.417 
10191,2/4/2025,5444310699074410000000, $86.251 
10192,15/4/2025,2047835249457480000000, $72.930 
10193,10/4/2025,8913811465076470000000, $58.214 
10194,6/4/2025,9736513593323050000000, $113.836 
10195,13/4/2025,7385183762532280000000, $196.966 
10196,7/4/2025,4022832933031750000000, $97.103 
10197,12/4/2025,9098586370061070000000, $68.086 
10198,15/4/2025,8555737009968730000000, $76.644 
10199,5/4/2025,4739093289474880000000, $167.578 
10200,6/4/2025,4022832933031750000000, $113.254 
10201,14/4/2025,8944383491849780000000, $84.293 
10202,7/4/2025,2772929965369000000000, $170.148 
10203,8/4/2025,5513026903129130000000, $173.702 
10204,1/4/2025,3747440670864670000000, $178.015 
10205,10/4/2025,3354991467350240000000, $53.759 
10206,4/4/2025,5782501953513740000000, $184.698 
10207,3/4/2025,9959869731196110000000, $178.029 
10208,15/4/2025,4462155701852230000000, $170.611 
10209,9/4/2025,7152486951219100000000, $133.703 
10210,12/4/2025,1135532276120800000000, $185.979 
10211,5/4/2025,5986565278541760000000, $123.090 
10212,12/4/2025,5468347189492110000000, $86.337 
10213,3/4/2025,1112192065530490000000, $72.774 
10214,15/4/2025,3569167187044620000000, $141.200 
10215,11/4/2025,7340960534911110000000, $187.188 
10216,5/4/2025,6522317459479750000000, $73.757 
10217,7/4/2025,7863471034839500000000, $57.897 
10218,14/4/2025,2399512060225930000000, $53.394 
10219,6/4/2025,3139598518491610000000, $140.901 
10220,11/4/2025,2281135864391360000000, $179.560 
10221,9/4/2025,8445671467790750000000, $127.180 
10222,7/4/2025,2548682223996000000000, $137.898 
10223,1/4/2025,8401655961961310000000, $171.725 
10224,3/4/2025,3392326707794260000000, $156.022 
10225,6/4/2025,2698999302843630000000, $162.403 
10226,9/4/2025,2898753242884000000000, $103.980 
10227,12/4/2025,4609186475649680000000, $149.718 
10228,2/4/2025,8956755084607460000000, $59.058 
10229,3/4/2025,9391219716521860000000, $83.795 
10230,14/4/2025,4738588789752250000000, $93.975 
10231,11/4/2025,7138512868566790000000, $164.926 
10232,5/4/2025,8776118204857300000000, $149.009 
10233,3/4/2025,2337100263831370000000, $106.161 
10234,2/4/2025,9918705234345920000000, $146.770 
10235,5/4/2025,7463433831270050000000, $59.278 
10236,8/4/2025,7657255516105140000000, $71.570 
10237,8/4/2025,7952040138615920000000, $114.809 
10238,9/4/2025,6049589250331260000000, $111.797 
10239,2/4/2025,2399512060225930000000, $148.881 
10240,15/4/2025,6097490679148810000000, $165.709 
10241,1/4/2025,8203993523394500000000, $154.052 
10242,11/4/2025,1831622936090280000000, $189.809 
10243,4/4/2025,7168192492596300000000, $65.551 
10244,6/4/2025,6049589250331260000000, $181.520 
10245,15/4/2025,3253840470755770000000, $115.743 
10246,3/4/2025,5444310699074410000000, $100.298 
10247,10/4/2025,7953401268952790000000, $55.577 
10248,12/4/2025,8944383491849780000000, $188.748 
10249,15/4/2025,1529399085474410000000, $116.796 
10250,3/4/2025,3747440670864670000000, $154.243 
10251,6/4/2025,2337100263831370000000, $85.828 
10252,2/4/2025,4462155701852230000000, $85.912 
10253,7/4/2025,7953401268952790000000, $179.540 
10254,12/4/2025,3903575001225800000000, $140.220 
10255,4/4/2025,3154817750445590000000, $73.951 
10256,1/4/2025,7152486951219100000000, $180.472 
10257,10/4/2025,9748929398242090000000, $114.395 
10258,1/4/2025,2003509300646090000000, $62.010 
10259,11/4/2025,4532573105843790000000, $118.291 
10260,5/4/2025,5120658000397530000000, $71.402 
10261,10/4/2025,4561779673192690000000, $197.351 
10262,1/4/2025,8555737009968730000000, $124.524 
10263,4/4/2025,5930181715250340000000, $57.877 
10264,7/4/2025,9064821306055800000000, $104.363 
10265,15/4/2025,4625104199305210000000, $105.170 
10266,13/4/2025,9485782608370420000000, $153.088 
10267,14/4/2025,8672747146995710000000, $111.135 
10268,12/4/2025,3253840470755770000000, $139.548 
10269,1/4/2025,2476716673525860000000, $173.027 
10270,11/4/2025,7899686173854950000000, $171.135 
10271,15/4/2025,5465692922711630000000, $182.908 
10272,1/4/2025,5930181715250340000000, $52.921 
10273,11/4/2025,6522317459479750000000, $145.031 
10274,10/4/2025,7385183762532280000000, $151.349 
10275,13/4/2025,9786775943413510000000, $81.217 
10276,10/4/2025,7900703138674360000000, $122.716 
10277,1/4/2025,9649641498478330000000, $55.829 
10278,15/4/2025,3967038078211300000000, $179.378 
10279,15/4/2025,7657255516105140000000, $78.041 
10280,2/4/2025,6927359023042170000000, $62.328 
10281,11/4/2025,9786775943413510000000, $88.268 
10282,11/4/2025,8401655961961310000000, $180.063 
10283,12/4/2025,4141229099761540000000, $115.729 
10284,12/4/2025,8552897590627620000000, $110.472 
10285,1/4/2025,9736513593323050000000, $161.007 
10286,15/4/2025,5513026903129130000000, $106.861 
10287,8/4/2025,1831622936090280000000, $152.176 
10288,11/4/2025,5782501953513740000000, $111.094 
10289,1/4/2025,4921783310033160000000, $137.774 
10290,7/4/2025,8327358679900400000000, $182.518 
10291,2/4/2025,9098586370061070000000, $184.209 
10292,3/4/2025,3903575001225800000000, $103.755 
10293,11/4/2025,4756975101210820000000, $152.490 
10294,13/4/2025,7953401268952790000000, $182.831 
10295,2/4/2025,4279197314180250000000, $76.976 
10296,2/4/2025,6871877630907340000000, $52.464 
10297,4/4/2025,8149043925352400000000, $153.225 
10298,9/4/2025,7138512868566790000000, $84.259 
10299,9/4/2025,7168192492596300000000, $183.394 
10300,6/4/2025,4462155701852230000000, $122.378 
10301,7/4/2025,4022832933031750000000, $192.236 
10302,7/4/2025,3569167187044620000000, $78.921 
10303,2/4/2025,8956755084607460000000, $75.775 
10304,11/4/2025,4756975101210820000000, $184.707 
10305,13/4/2025,7997907978126240000000, $168.578 
10306,3/4/2025,7138512868566790000000, $50.207 
10307,2/4/2025,6097490679148810000000, $60.498 
10308,9/4/2025,9531471274862790000000, $157.258 
10309,1/4/2025,5117305773618830000000, $76.453 
10310,12/4/2025,5120658000397530000000, $198.674 
10311,8/4/2025,7657255516105140000000, $96.833 
10312,4/4/2025,2548682223996000000000, $109.644 
10313,8/4/2025,6062510864724680000000, $163.301 
10314,14/4/2025,9301914663635570000000, $91.813 
10315,7/4/2025,2003509300646090000000, $198.636 
10316,12/4/2025,9873052363609460000000, $52.825 
10317,6/4/2025,4532573105843790000000, $187.631 
10318,9/4/2025,6062510864724680000000, $114.272 
10319,11/4/2025,7340960534911110000000, $81.587 
10320,9/4/2025,9959869731196110000000, $162.011 
10321,1/4/2025,3622546757575540000000, $136.172 
10322,11/4/2025,8776118204857300000000, $98.661 
10323,12/4/2025,6793018414117640000000, $143.024 
10324,5/4/2025,8469153896754610000000, $150.706 
10325,1/4/2025,3354991467350240000000, $59.095 
10326,9/4/2025,5973855585697530000000, $134.816 
10327,6/4/2025,9090011910089050000000, $92.770 
10328,12/4/2025,6871877630907340000000, $88.196 
10329,11/4/2025,2337100263831370000000, $188.043 
10330,2/4/2025,1135532276120800000000, $67.414 
10331,10/4/2025,1599906229584790000000, $155.956 
10332,10/4/2025,6049589250331260000000, $79.235 
10333,5/4/2025,3622546757575540000000, $66.682 
10334,14/4/2025,6758376167184140000000, $158.742 
10335,1/4/2025,5444310699074410000000, $93.321 
10336,1/4/2025,5986565278541760000000, $158.633 
10337,2/4/2025,7152486951219100000000, $110.237 
10338,13/4/2025,6927359023042170000000, $140.337 
10339,2/4/2025,5846237021143900000000, $121.860 
10340,5/4/2025,2898753242884000000000, $82.151 
10341,11/4/2025,4739093289474880000000, $86.289 
10342,6/4/2025,2476716673525860000000, $156.467 
10343,8/4/2025,8327358679900400000000, $162.900 
10344,5/4/2025,4625104199305210000000, $107.632 
10345,7/4/2025,2314407897385040000000, $113.908 
10346,6/4/2025,8203993523394500000000, $142.714 
10347,12/4/2025,1599906229584790000000, $176.473 
10348,4/4/2025,3747440670864670000000, $52.342 
10349,7/4/2025,3967038078211300000000, $51.716 
10350,3/4/2025,2567099084090720000000, $160.154 
10351,8/4/2025,1424460508640730000000, $144.324 
10352,1/4/2025,8776118204857300000000, $96.644 
10353,2/4/2025,1112192065530490000000, $95.190 
10354,13/4/2025,2567099084090720000000, $194.960 
10355,4/4/2025,5468347189492110000000, $82.115 
10356,14/4/2025,4462155701852230000000, $172.848 
10357,15/4/2025,5738542183850040000000, $162.802 
10358,2/4/2025,7340960534911110000000, $156.862 
10359,11/4/2025,3542404477456310000000, $161.238 
10360,14/4/2025,1135532276120800000000, $194.741 
10361,14/4/2025,2337100263831370000000, $117.552 
10362,5/4/2025,4561779673192690000000, $115.220 
10363,11/4/2025,9531471274862790000000, $178.063 
10364,11/4/2025,4739093289474880000000, $112.706 
10365,14/4/2025,3392326707794260000000, $118.277 
10366,10/4/2025,1424460508640730000000, $131.065 
10367,12/4/2025,2047835249457480000000, $80.984 
10368,8/4/2025,4207339942053770000000, $140.647 
10369,12/4/2025,7997907978126240000000, $59.919 
10370,5/4/2025,2645474487824410000000, $58.395 
10371,9/4/2025,1686688768285500000000, $164.070 
10372,7/4/2025,9485782608370420000000, $71.182 
10373,4/4/2025,8203993523394500000000, $146.282 
10374,13/4/2025,7463433831270050000000, $52.384 
10375,8/4/2025,1831622936090280000000, $182.405 
10376,14/4/2025,9873052363609460000000, $179.156 
10377,9/4/2025,3354991467350240000000, $113.076 
10378,1/4/2025,2698999302843630000000, $137.397 
10379,10/4/2025,5120658000397530000000, $157.829 
10380,4/4/2025,3747440670864670000000, $97.721 
10381,6/4/2025,6758376167184140000000, $169.897 
10382,3/4/2025,8672747146995710000000, $74.929 
10383,6/4/2025,3354991467350240000000, $165.156 
10384,7/4/2025,4921783310033160000000, $150.385 
10385,11/4/2025,5103976690518920000000, $159.380 
10386,11/4/2025,7168192492596300000000, $171.070 
10387,5/4/2025,9485782608370420000000, $72.825 
10388,8/4/2025,7900703138674360000000, $167.629 
10389,1/4/2025,2476716673525860000000, $53.127 
10390,6/4/2025,8552897590627620000000, $166.184 
10391,5/4/2025,2898753242884000000000, $74.395 
10392,11/4/2025,6049589250331260000000, $68.627 
10393,6/4/2025,3903575001225800000000, $109.499 
10394,4/4/2025,9301914663635570000000, $152.082 
10395,13/4/2025,8466841099794280000000, $138.964 
10396,14/4/2025,1529399085474410000000, $197.390 
10397,15/4/2025,2003509300646090000000, $138.326 
10398,9/4/2025,2698999302843630000000, $184.269 
10399,13/4/2025,3392326707794260000000, $110.236 
10400,13/4/2025,8306963095360180000000, $102.175 
10401,10/4/2025,3622546757575540000000, $57.128 
10402,1/4/2025,4921783310033160000000, $176.156 
10403,6/4/2025,7952040138615920000000, $140.859 
10404,4/4/2025,7952040138615920000000, $149.702 
10405,5/4/2025,7899686173854950000000, $133.980 
10406,5/4/2025,8466841099794280000000, $136.350 
10407,7/4/2025,8149043925352400000000, $195.076 
10408,11/4/2025,5973855585697530000000, $115.614 
10409,15/4/2025,4532573105843790000000, $120.819 
10410,10/4/2025,5738542183850040000000, $79.132 
10411,1/4/2025,4919495851948610000000, $140.512 
10412,4/4/2025,8913811465076470000000, $136.879 
10413,6/4/2025,2645474487824410000000, $83.522 
10414,11/4/2025,5973855585697530000000, $72.479 
10415,14/4/2025,6062510864724680000000, $116.411 
10416,8/4/2025,9748929398242090000000, $167.573 
10417,9/4/2025,8776118204857300000000, $90.248 
10418,9/4/2025,3967038078211300000000, $106.357 
10419,6/4/2025,9485782608370420000000, $182.057 
10420,3/4/2025,1686688768285500000000, $118.204 
10421,3/4/2025,2548682223996000000000, $108.644 
10422,10/4/2025,4058688834338790000000, $110.411 
10423,7/4/2025,3747440670864670000000, $137.192 
10424,10/4/2025,4532573105843790000000, $149.964 
10425,13/4/2025,8571141132270220000000, $100.600 
10426,5/4/2025,3253840470755770000000, $82.394 
10427,1/4/2025,2314407897385040000000, $172.578 
10428,15/4/2025,4198878848270070000000, $59.875 
10429,5/4/2025,7997907978126240000000, $133.729 
10430,14/4/2025,1686688768285500000000, $62.577 
10431,7/4/2025,9649641498478330000000, $157.352 
10432,13/4/2025,8327358679900400000000, $98.167 
10433,8/4/2025,7385183762532280000000, $128.476 
10434,5/4/2025,5117305773618830000000, $112.778 
10435,12/4/2025,5513026903129130000000, $148.766 
10436,14/4/2025,4006646858395060000000, $72.283 
10437,10/4/2025,1112192065530490000000, $190.549 
10438,9/4/2025,7168192492596300000000, $72.784 
10439,4/4/2025,2047835249457480000000, $93.079 
10440,9/4/2025,4561779673192690000000, $181.864 
10441,6/4/2025,4462155701852230000000, $148.230 
10442,5/4/2025,5444310699074410000000, $114.492 
10443,2/4/2025,8469153896754610000000, $131.654 
10444,8/4/2025,9301914663635570000000, $195.913 
10445,1/4/2025,5513026903129130000000, $165.272 
10446,14/4/2025,3266747550821390000000, $141.051 
10447,7/4/2025,8899158762922760000000, $169.361 
10448,3/4/2025,9786775943413510000000, $162.126 
10449,8/4/2025,4207339942053770000000, $118.711 
10450,1/4/2025,8327358679900400000000, $62.996 
10451,10/4/2025,3154817750445590000000, $55.937 
10452,15/4/2025,5465692922711630000000, $163.332 
10453,6/4/2025,6758376167184140000000, $61.299 
10454,11/4/2025,6522317459479750000000, $156.591 
10455,8/4/2025,3139598518491610000000, $140.753 
10456,8/4/2025,2399512060225930000000, $148.652 
10457,1/4/2025,2772929965369000000000, $54.446 
10458,9/4/2025,7863471034839500000000, $60.662 
10459,11/4/2025,7863471034839500000000, $162.700 
10460,5/4/2025,6793018414117640000000, $141.397 
10461,5/4/2025,4203623168121110000000, $161.568 
10462,5/4/2025,9873052363609460000000, $73.356 
10463,13/4/2025,7997907978126240000000, $171.808 
10464,15/4/2025,4006646858395060000000, $193.606 
10465,10/4/2025,8956755084607460000000, $64.340 
10466,10/4/2025,9649641498478330000000, $67.707 
10467,8/4/2025,5444310699074410000000, $129.220 
10468,1/4/2025,9531471274862790000000, $103.106 
10469,1/4/2025,4006646858395060000000, $132.330 
10470,2/4/2025,9649641498478330000000, $147.641 
10471,12/4/2025,3154817750445590000000, $173.007 
10472,5/4/2025,4738588789752250000000, $180.313 
10473,6/4/2025,9748929398242090000000, $77.565 
10474,10/4/2025,8149043925352400000000, $138.880 
10475,1/4/2025,3967038078211300000000, $111.991 
10476,5/4/2025,2281135864391360000000, $149.172 
10477,3/4/2025,5103976690518920000000, $149.063 
10478,15/4/2025,2548682223996000000000, $117.351 
10479,3/4/2025,5782501953513740000000, $69.375 
10480,1/4/2025,4739093289474880000000, $76.462 
10481,3/4/2025,6793018414117640000000, $97.204 
10482,6/4/2025,4279197314180250000000, $136.725 
10483,9/4/2025,4649132091620120000000, $94.813 
10484,7/4/2025,3139598518491610000000, $67.757 
10485,12/4/2025,1424460508640730000000, $129.775 
10486,14/4/2025,5986565278541760000000, $142.414 
10487,13/4/2025,4203623168121110000000, $174.609 
10488,12/4/2025,4198878848270070000000, $153.147 
10489,1/4/2025,4198878848270070000000, $78.952 
10490,11/4/2025,2281135864391360000000, $51.023 
10491,4/4/2025,9301914663635570000000, $68.041 
10492,2/4/2025,4985434974457620000000, $194.100 
10493,1/4/2025,6758376167184140000000, $83.804 
10494,5/4/2025,2567099084090720000000, $100.728 
10495,1/4/2025,8956755084607460000000, $92.460 
10496,5/4/2025,1112192065530490000000, $68.025 
10497,13/4/2025,4058688834338790000000, $91.987 
10498,4/4/2025,8571141132270220000000, $143.749 
10499,10/4/2025,8401655961961310000000, $65.170 
10500,5/4/2025,9090011910089050000000, $97.015 
10501,14/4/2025,3392326707794260000000, $169.975 
10502,4/4/2025,7340960534911110000000, $78.134 
10503,15/4/2025,4198878848270070000000, $118.671 
10504,4/4/2025,8466841099794280000000, $189.852 
10505,14/4/2025,2314407897385040000000, $121.824 
10506,11/4/2025,9748929398242090000000, $66.694 
10507,11/4/2025,8899158762922760000000, $83.632 
10508,3/4/2025,5120658000397530000000, $187.350 
10509,13/4/2025,5738542183850040000000, $120.705 
10510,4/4/2025,4203623168121110000000, $68.210 
10511,7/4/2025,2399512060225930000000, $115.244 
10512,6/4/2025,2047835249457480000000, $171.056 
10513,11/4/2025,9918705234345920000000, $80.213 
10514,5/4/2025,4532573105843790000000, $182.676 
10515,9/4/2025,5738542183850040000000, $187.495 
10516,9/4/2025,5973855585697530000000, $191.552 
10517,10/4/2025,2567099084090720000000, $92.943 
10518,4/4/2025,8445671467790750000000, $149.355 
10519,9/4/2025,4207339942053770000000, $137.324 
10520,6/4/2025,8469153896754610000000, $136.490 
10521,8/4/2025,5117305773618830000000, $196.175 
10522,15/4/2025,6927359023042170000000, $89.967 
10523,6/4/2025,5930181715250340000000, $98.691 
10524,3/4/2025,9748929398242090000000, $164.108 
10525,13/4/2025,4058688834338790000000, $85.483 
10526,4/4/2025,2898753242884000000000, $179.740 
10527,12/4/2025,8776118204857300000000, $133.598 
10528,6/4/2025,9959869731196110000000, $161.864 
10529,12/4/2025,7900703138674360000000, $120.520 
10530,10/4/2025,3542404477456310000000, $184.972 
10531,8/4/2025,3542404477456310000000, $195.900 
10532,8/4/2025,4609186475649680000000, $73.153 
10533,5/4/2025,2399512060225930000000, $199.894 
10534,8/4/2025,9798767349218530000000, $192.386 
10535,7/4/2025,4561779673192690000000, $192.886 
10536,14/4/2025,1599906229584790000000, $108.981 
10537,11/4/2025,4022832933031750000000, $70.676 
10538,6/4/2025,5103976690518920000000, $95.081 
10539,10/4/2025,6871877630907340000000, $181.612 
10540,2/4/2025,5465692922711630000000, $149.535 
10541,1/4/2025,4609186475649680000000, $54.354 
10542,4/4/2025,8306963095360180000000, $81.999 
10543,2/4/2025,9736513593323050000000, $184.270 
10544,8/4/2025,8203993523394500000000, $84.125 
10545,1/4/2025,5930181715250340000000, $104.661 
10546,10/4/2025,9736513593323050000000, $119.316 
10547,8/4/2025,8899158762922760000000, $117.215 
10548,5/4/2025,9918705234345920000000, $149.102 
10549,14/4/2025,7657255516105140000000, $99.325 
10550,5/4/2025,5103976690518920000000, $125.644 
10551,1/4/2025,4141229099761540000000, $125.601 
10552,15/4/2025,9736513593323050000000, $120.088 
10553,7/4/2025,2003509300646090000000, $169.132 
10554,15/4/2025,9959869731196110000000, $110.836 
10555,1/4/2025,9391219716521860000000, $100.710 
10556,9/4/2025,8555737009968730000000, $61.851 
10557,9/4/2025,8469153896754610000000, $113.751 
10558,14/4/2025,7952040138615920000000, $170.047 
10559,10/4/2025,1599906229584790000000, $82.452 
10560,7/4/2025,9391219716521860000000, $61.338 
10561,15/4/2025,4625104199305210000000, $79.801 
10562,12/4/2025,8671363847364540000000, $106.097 
10563,2/4/2025,3542404477456310000000, $55.290 
10564,1/4/2025,4756975101210820000000, $156.896 
10565,7/4/2025,4919495851948610000000, $106.904 
10566,6/4/2025,5468347189492110000000, $169.193 
10567,8/4/2025,6049589250331260000000, $93.295 
10568,1/4/2025,1135532276120800000000, $180.990 
10569,10/4/2025,9786775943413510000000, $76.164 
10570,2/4/2025,4625104199305210000000, $113.283 
10571,3/4/2025,2129873779400220000000, $155.534 
10572,13/4/2025,7657255516105140000000, $92.056 
10573,13/4/2025,5465692922711630000000, $121.402 
10574,11/4/2025,7900703138674360000000, $136.264 
10575,4/4/2025,2047835249457480000000, $71.816 
10576,7/4/2025,1424460508640730000000, $119.447 
10577,5/4/2025,9798767349218530000000, $70.705 
10578,13/4/2025,2129873779400220000000, $146.272 
10579,9/4/2025,4279197314180250000000, $181.648 
10580,10/4/2025,9649641498478330000000, $53.705 
10581,14/4/2025,6062510864724680000000, $153.690 
10582,8/4/2025,5846237021143900000000, $126.657 
10583,13/4/2025,4756975101210820000000, $168.565 
10584,9/4/2025,7138512868566790000000, $97.879 
10585,13/4/2025,4739093289474880000000, $87.318 
10586,2/4/2025,9064821306055800000000, $65.998 
10587,2/4/2025,8944383491849780000000, $73.930 
10588,8/4/2025,2772929965369000000000, $63.003 
10589,15/4/2025,6927359023042170000000, $92.191 
10590,10/4/2025,2129873779400220000000, $79.393 
10591,8/4/2025,7899686173854950000000, $93.155 
10592,8/4/2025,3903575001225800000000, $170.084 
10593,6/4/2025,7952040138615920000000, $58.807 
10594,8/4/2025,3139598518491610000000, $60.411 
10595,12/4/2025,2337100263831370000000, $91.306 
10596,2/4/2025,2772929965369000000000, $79.090 
10597,8/4/2025,9873052363609460000000, $100.016 
10598,5/4/2025,5846237021143900000000, $162.861 
10599,4/5/2025,7138512868566790000000, $131.887 
10600,9/5/2025,1831622936090280000000, $70.806 
10601,15/4/2025,3622546757575540000000, $156.005 
10602,1/5/2025,4919495851948610000000, $80.347 
10603,4/5/2025,5444310699074410000000, $191.923 
10604,12/5/2025,9736513593323050000000, $126.961 
10605,9/5/2025,6062510864724680000000, $50.315 
10606,15/5/2025,4022832933031750000000, $65.280 
10607,8/5/2025,2567099084090720000000, $95.680 
10608,4/5/2025,5117305773618830000000, $55.468 
10609,15/5/2025,6522317459479750000000, $109.368 
10610,7/5/2025,9485782608370420000000, $89.533 
10611,1/5/2025,2698999302843630000000, $85.180 
10612,2/5/2025,7340960534911110000000, $54.587 
10613,7/5/2025,2698999302843630000000, $72.479 
10614,12/5/2025,5513026903129130000000, $170.269 
10615,5/5/2025,4649132091620120000000, $151.481 
10616,6/5/2025,7385183762532280000000, $161.404 
10617,7/5/2025,2645474487824410000000, $69.225 
10618,4/5/2025,6522317459479750000000, $78.603 
10619,15/5/2025,5465692922711630000000, $91.888 
10620,8/5/2025,3622546757575540000000, $177.377 
10621,12/5/2025,2898753242884000000000, $156.685 
10622,14/5/2025,8555737009968730000000, $132.387 
10623,12/5/2025,8671363847364540000000, $138.497 
10624,8/5/2025,2399512060225930000000, $173.579 
10625,5/5/2025,4919495851948610000000, $100.508 
10626,9/5/2025,2548682223996000000000, $107.373 
10627,13/5/2025,4625104199305210000000, $77.316 
10628,7/5/2025,4279197314180250000000, $163.337 
10629,15/5/2025,6097490679148810000000, $57.001 
10630,1/5/2025,8555737009968730000000, $185.652 
10631,7/5/2025,3903575001225800000000, $93.204 
10632,2/5/2025,9918705234345920000000, $107.301 
10633,11/5/2025,7463433831270050000000, $65.263 
10634,3/5/2025,5738542183850040000000, $147.508 
10635,1/5/2025,4203623168121110000000, $130.391 
10636,8/5/2025,6097490679148810000000, $171.477 
10637,13/5/2025,7152486951219100000000, $163.940 
10638,11/5/2025,2476716673525860000000, $54.904 
10639,2/5/2025,8672747146995710000000, $199.767 
10640,8/5/2025,8913811465076470000000, $131.428 
10641,3/5/2025,4207339942053770000000, $86.046 
10642,14/5/2025,3967038078211300000000, $196.803 
10643,5/5/2025,8776118204857300000000, $115.693 
10644,4/5/2025,2772929965369000000000, $190.865 
10645,4/5/2025,2281135864391360000000, $101.637 
10646,3/5/2025,3392326707794260000000, $156.282 
10647,11/5/2025,2003509300646090000000, $99.377 
10648,7/5/2025,9918705234345920000000, $197.311 
10649,8/5/2025,7863471034839500000000, $161.516 
10650,12/5/2025,1112192065530490000000, $192.243 
10651,6/5/2025,3569167187044620000000, $71.292 
10652,2/5/2025,1135532276120800000000, $178.630 
10653,15/5/2025,4739093289474880000000, $95.082 
10654,4/5/2025,8913811465076470000000, $130.919 
10655,7/5/2025,5973855585697530000000, $96.556 
10656,11/5/2025,7997907978126240000000, $189.241 
10657,3/5/2025,8913811465076470000000, $194.237 
10658,12/5/2025,5782501953513740000000, $193.970 
10659,4/5/2025,9748929398242090000000, $134.839 
10660,8/5/2025,5468347189492110000000, $79.497 
10661,7/5/2025,9301914663635570000000, $182.749 
10662,15/5/2025,2047835249457480000000, $95.228 
10663,11/5/2025,3903575001225800000000, $174.050 
10664,6/5/2025,8956755084607460000000, $100.415 
10665,1/5/2025,9959869731196110000000, $72.974 
10666,5/5/2025,7138512868566790000000, $72.633 
10667,1/5/2025,6062510864724680000000, $165.930 
10668,10/5/2025,9786775943413510000000, $197.496 
10669,14/5/2025,3253840470755770000000, $169.517 
10670,1/5/2025,7463433831270050000000, $183.420 
10671,13/5/2025,4207339942053770000000, $175.974 
10672,13/5/2025,4198878848270070000000, $64.218 
10673,9/5/2025,4649132091620120000000, $189.650 
10674,3/5/2025,9786775943413510000000, $74.028 
10675,11/5/2025,1831622936090280000000, $135.699 
10676,9/5/2025,6871877630907340000000, $95.880 
10677,11/5/2025,2337100263831370000000, $129.150 
10678,9/5/2025,5930181715250340000000, $131.032 
10679,9/5/2025,6758376167184140000000, $84.275 
10680,3/5/2025,4739093289474880000000, $166.301 
10681,4/5/2025,3392326707794260000000, $120.663 
10682,11/5/2025,4985434974457620000000, $191.511 
10683,3/5/2025,5930181715250340000000, $136.680 
10684,6/5/2025,4738588789752250000000, $161.015 
10685,6/5/2025,4022832933031750000000, $53.704 
10686,1/5/2025,6927359023042170000000, $132.737 
10687,10/5/2025,1686688768285500000000, $181.819 
10688,12/5/2025,8944383491849780000000, $118.700 
10689,9/5/2025,5120658000397530000000, $72.328 
10690,10/5/2025,4609186475649680000000, $151.680 
10691,4/5/2025,5465692922711630000000, $158.984 
10692,8/5/2025,9649641498478330000000, $70.849 
10693,15/5/2025,2047835249457480000000, $197.466 
10694,5/5/2025,6758376167184140000000, $155.294 
10695,12/5/2025,9098586370061070000000, $150.201 
10696,5/5/2025,7152486951219100000000, $159.342 
10697,6/5/2025,6049589250331260000000, $82.632 
10698,13/5/2025,7385183762532280000000, $100.349 
10699,2/5/2025,8571141132270220000000, $75.484 
10700,5/5/2025,5782501953513740000000, $129.009 
10701,15/5/2025,2129873779400220000000, $66.526 
10702,5/5/2025,9090011910089050000000, $166.557 
10703,11/5/2025,8203993523394500000000, $117.834 
10704,8/5/2025,1135532276120800000000, $67.911 
10705,13/5/2025,8944383491849780000000, $156.333 
10706,13/5/2025,4609186475649680000000, $197.263 
10707,5/5/2025,4756975101210820000000, $129.591 
10708,11/5/2025,2772929965369000000000, $196.050 
10709,3/5/2025,3354991467350240000000, $137.064 
10710,6/5/2025,3569167187044620000000, $170.865 
10711,15/5/2025,4207339942053770000000, $145.879 
10712,9/5/2025,8571141132270220000000, $174.100 
10713,6/5/2025,1424460508640730000000, $160.361 
10714,7/5/2025,3542404477456310000000, $194.532 
10715,11/5/2025,1686688768285500000000, $71.985 
10716,12/5/2025,4561779673192690000000, $160.615 
10717,3/5/2025,4609186475649680000000, $186.435 
10718,15/5/2025,9959869731196110000000, $68.405 
10719,15/5/2025,9959869731196110000000, $127.645 
10720,15/5/2025,2337100263831370000000, $108.333 
10721,1/5/2025,1599906229584790000000, $100.216 
10722,15/5/2025,2898753242884000000000, $62.509 
10723,7/5/2025,7657255516105140000000, $127.609 
10724,13/5/2025,6793018414117640000000, $170.207 
10725,3/5/2025,7657255516105140000000, $166.048 
10726,7/5/2025,5930181715250340000000, $182.467 
10727,8/5/2025,4462155701852230000000, $138.962 
10728,6/5/2025,5973855585697530000000, $81.736 
10729,15/5/2025,8571141132270220000000, $122.180 
10730,15/5/2025,9064821306055800000000, $143.518 
10731,11/5/2025,2548682223996000000000, $114.041 
10732,4/5/2025,2698999302843630000000, $102.390 
10733,2/5/2025,4921783310033160000000, $163.670 
10734,11/5/2025,9301914663635570000000, $146.170 
10735,4/5/2025,8149043925352400000000, $149.325 
10736,3/5/2025,5782501953513740000000, $144.361 
10737,9/5/2025,4739093289474880000000, $51.087 
10738,7/5/2025,4006646858395060000000, $186.719 
10739,1/5/2025,9064821306055800000000, $130.527 
10740,14/5/2025,9748929398242090000000, $184.473 
10741,10/5/2025,3569167187044620000000, $182.066 
10742,12/5/2025,3266747550821390000000, $123.694 
10743,1/5/2025,4058688834338790000000, $161.676 
10744,9/5/2025,3542404477456310000000, $96.506 
10745,6/5/2025,3542404477456310000000, $149.629 
10746,8/5/2025,8469153896754610000000, $137.123 
10747,14/5/2025,4141229099761540000000, $164.277 
10748,8/5/2025,5444310699074410000000, $148.735 
10749,11/5/2025,8401655961961310000000, $104.082 
10750,9/5/2025,4279197314180250000000, $177.937 
10751,12/5/2025,7340960534911110000000, $185.999 
10752,7/5/2025,7953401268952790000000, $194.984 
10753,5/5/2025,9531471274862790000000, $70.094 
10754,7/5/2025,8306963095360180000000, $131.615 
10755,4/5/2025,2476716673525860000000, $119.614 
10756,5/5/2025,4006646858395060000000, $169.478 
10757,1/5/2025,7657255516105140000000, $87.005 
10758,5/5/2025,8445671467790750000000, $84.986 
10759,8/5/2025,6927359023042170000000, $156.751 
10760,14/5/2025,9649641498478330000000, $62.616 
10761,9/5/2025,2567099084090720000000, $140.589 
10762,7/5/2025,8776118204857300000000, $56.873 
10763,12/5/2025,6927359023042170000000, $182.835 
10764,4/5/2025,2314407897385040000000, $107.970 
10765,15/5/2025,4058688834338790000000, $156.140 
10766,8/5/2025,8552897590627620000000, $188.076 
10767,5/5/2025,4985434974457620000000, $88.546 
10768,4/5/2025,5117305773618830000000, $60.353 
10769,5/5/2025,7900703138674360000000, $69.741 
10770,4/5/2025,5444310699074410000000, $144.252 
10771,3/5/2025,1599906229584790000000, $92.830 
10772,11/5/2025,5930181715250340000000, $108.701 
10773,15/5/2025,7952040138615920000000, $75.940 
10774,2/5/2025,8571141132270220000000, $74.470 
10775,5/5/2025,9090011910089050000000, $170.301 
10776,4/5/2025,4756975101210820000000, $186.747 
10777,2/5/2025,9748929398242090000000, $57.331 
10778,13/5/2025,7952040138615920000000, $119.464 
10779,3/5/2025,8469153896754610000000, $95.938 
10780,6/5/2025,4919495851948610000000, $99.587 
10781,12/5/2025,4738588789752250000000, $112.468 
10782,10/5/2025,2698999302843630000000, $145.104 
10783,2/5/2025,9485782608370420000000, $198.323 
10784,15/5/2025,1599906229584790000000, $80.543 
10785,4/5/2025,7997907978126240000000, $133.183 
10786,8/5/2025,3747440670864670000000, $193.410 
10787,3/5/2025,2399512060225930000000, $129.178 
10788,4/5/2025,3266747550821390000000, $117.533 
10789,6/5/2025,6871877630907340000000, $126.935 
10790,9/5/2025,5120658000397530000000, $112.726 
10791,1/5/2025,4561779673192690000000, $100.978 
10792,7/5/2025,4022832933031750000000, $70.518 
10793,15/5/2025,8469153896754610000000, $115.093 
10794,6/5/2025,7340960534911110000000, $63.167 
10795,4/5/2025,9098586370061070000000, $113.867 
10796,6/5/2025,6793018414117640000000, $170.741 
10797,15/5/2025,2567099084090720000000, $101.662 
10798,9/5/2025,1831622936090280000000, $75.458 
10799,1/5/2025,9064821306055800000000, $183.587 
10800,2/5/2025,4985434974457620000000, $77.714 
10801,6/5/2025,8401655961961310000000, $137.170 
10802,2/5/2025,4921783310033160000000, $162.475 
10803,6/5/2025,7152486951219100000000, $181.213 
10804,11/5/2025,9918705234345920000000, $83.069 
10805,8/5/2025,7900703138674360000000, $151.539 
10806,8/5/2025,4738588789752250000000, $174.711 
10807,6/5/2025,1529399085474410000000, $157.638 
10808,14/5/2025,7952040138615920000000, $88.696 
10809,10/5/2025,6871877630907340000000, $143.709 
10810,14/5/2025,5468347189492110000000, $134.213 
10811,6/5/2025,1599906229584790000000, $98.981 
10812,14/5/2025,8327358679900400000000, $176.647 
10813,7/5/2025,9649641498478330000000, $135.819 
10814,13/5/2025,1831622936090280000000, $56.355 
10815,11/5/2025,1135532276120800000000, $176.497 
10816,1/5/2025,7463433831270050000000, $112.293 
10817,13/5/2025,8306963095360180000000, $93.855 
10818,11/5/2025,8956755084607460000000, $149.152 
10819,8/5/2025,5973855585697530000000, $176.138 
10820,9/5/2025,8776118204857300000000, $146.881 
10821,8/5/2025,4022832933031750000000, $117.703 
10822,8/5/2025,5738542183850040000000, $78.576 
10823,1/5/2025,3139598518491610000000, $168.054 
10824,9/5/2025,8203993523394500000000, $149.437 
10825,13/5/2025,8555737009968730000000, $104.993 
10826,1/5/2025,5846237021143900000000, $95.468 
10827,10/5/2025,4561779673192690000000, $196.589 
10828,5/5/2025,1112192065530490000000, $162.191 
10829,13/5/2025,8672747146995710000000, $90.455 
10830,12/5/2025,5117305773618830000000, $142.522 
10831,13/5/2025,5738542183850040000000, $196.943 
10832,4/5/2025,9798767349218530000000, $91.719 
10833,6/5/2025,4738588789752250000000, $95.147 
10834,2/5/2025,8327358679900400000000, $178.511 
10835,11/5/2025,4739093289474880000000, $187.558 
10836,11/5/2025,8327358679900400000000, $85.668 
10837,12/5/2025,4141229099761540000000, $89.293 
10838,3/5/2025,3392326707794260000000, $115.795 
10839,3/5/2025,1831622936090280000000, $65.711 
10840,11/5/2025,8913811465076470000000, $108.357 
10841,6/5/2025,9098586370061070000000, $122.086 
10842,7/5/2025,9098586370061070000000, $176.936 
10843,6/5/2025,2898753242884000000000, $68.457 
10844,10/5/2025,7385183762532280000000, $184.892 
10845,6/5/2025,3747440670864670000000, $88.485 
10846,14/5/2025,9736513593323050000000, $134.512 
10847,12/5/2025,2645474487824410000000, $59.227 
10848,12/5/2025,4141229099761540000000, $178.872 
10849,4/5/2025,2314407897385040000000, $54.206 
10850,7/5/2025,4207339942053770000000, $114.124 
10851,15/5/2025,3266747550821390000000, $173.204 
10852,9/5/2025,5986565278541760000000, $94.047 
10853,4/5/2025,8306963095360180000000, $85.228 
10854,13/5/2025,5782501953513740000000, $71.356 
10855,9/5/2025,2314407897385040000000, $159.878 
10856,13/5/2025,8671363847364540000000, $148.116 
10857,8/5/2025,8555737009968730000000, $121.574 
10858,9/5/2025,6793018414117640000000, $188.203 
10859,1/5/2025,5513026903129130000000, $80.769 
10860,7/5/2025,8203993523394500000000, $184.492 
10861,12/5/2025,3622546757575540000000, $187.116 
10862,5/5/2025,2476716673525860000000, $142.860 
10863,1/5/2025,5465692922711630000000, $157.957 
10864,11/5/2025,4738588789752250000000, $96.095 
10865,15/5/2025,7657255516105140000000, $130.386 
10866,13/5/2025,3354991467350240000000, $55.517 
10867,14/5/2025,5103976690518920000000, $86.553 
10868,1/5/2025,5986565278541760000000, $153.618 
10869,14/5/2025,9786775943413510000000, $96.393 
10870,5/5/2025,1112192065530490000000, $176.362 
10871,7/5/2025,3622546757575540000000, $63.609 
10872,9/5/2025,7168192492596300000000, $125.228 
10873,8/5/2025,8327358679900400000000, $129.109 
10874,5/5/2025,5468347189492110000000, $52.871 
10875,2/5/2025,8956755084607460000000, $78.744 
10876,2/5/2025,4739093289474880000000, $107.024 
10877,11/5/2025,2047835249457480000000, $191.903 
10878,9/5/2025,8469153896754610000000, $97.204 
10879,1/5/2025,7863471034839500000000, $149.295 
10880,9/5/2025,4649132091620120000000, $113.235 
10881,6/5/2025,4058688834338790000000, $76.138 
10882,14/5/2025,4058688834338790000000, $66.669 
10883,15/5/2025,8466841099794280000000, $115.780 
10884,14/5/2025,2047835249457480000000, $56.484 
10885,11/5/2025,2281135864391360000000, $153.238 
10886,9/5/2025,1112192065530490000000, $196.354 
10887,2/5/2025,1424460508640730000000, $103.297 
10888,11/5/2025,4462155701852230000000, $190.540 
10889,2/5/2025,9090011910089050000000, $65.968 
10890,8/5/2025,7138512868566790000000, $153.336 
10891,3/5/2025,6049589250331260000000, $130.663 
10892,1/5/2025,8944383491849780000000, $164.469 
10893,9/5/2025,5846237021143900000000, $181.661 
10894,7/5/2025,5103976690518920000000, $74.481 
10895,14/5/2025,9485782608370420000000, $86.676 
10896,15/5/2025,4462155701852230000000, $67.050 
10897,9/5/2025,9391219716521860000000, $188.584 
10898,7/5/2025,3967038078211300000000, $122.954 
10899,14/5/2025,8671363847364540000000, $56.328 
10900,1/5/2025,4625104199305210000000, $67.468 
10901,3/5/2025,8672747146995710000000, $70.756 
10902,10/5/2025,1529399085474410000000, $84.047 
10903,8/5/2025,8552897590627620000000, $98.163 
10904,8/5/2025,8913811465076470000000, $105.978 
10905,8/5/2025,5465692922711630000000, $129.874 
10906,2/5/2025,8149043925352400000000, $145.606 
10907,3/5/2025,7900703138674360000000, $133.032 
10908,15/5/2025,3392326707794260000000, $141.765 
10909,13/5/2025,4198878848270070000000, $53.535 
10910,7/5/2025,8899158762922760000000, $153.088 
10911,13/5/2025,8899158762922760000000, $101.595 
10912,7/5/2025,8672747146995710000000, $163.423 
10913,1/5/2025,5930181715250340000000, $63.510 
10914,15/5/2025,9301914663635570000000, $98.742 
10915,15/5/2025,6927359023042170000000, $142.725 
10916,1/5/2025,8327358679900400000000, $189.772 
10917,11/5/2025,8445671467790750000000, $166.319 
10918,15/5/2025,3622546757575540000000, $64.336 
10919,15/5/2025,5986565278541760000000, $183.181 
10920,9/5/2025,5120658000397530000000, $133.703 
10921,10/5/2025,7657255516105140000000, $64.163 
10922,6/5/2025,2898753242884000000000, $171.653 
10923,13/5/2025,4609186475649680000000, $68.313 
10924,14/5/2025,4203623168121110000000, $180.281 
10925,11/5/2025,3354991467350240000000, $193.028 
10926,8/5/2025,3747440670864670000000, $113.174 
10927,3/5/2025,7168192492596300000000, $68.259 
10928,14/5/2025,4203623168121110000000, $159.841 
10929,9/5/2025,2548682223996000000000, $73.185 
10930,7/5/2025,2476716673525860000000, $104.101 
10931,14/5/2025,9798767349218530000000, $81.719 
10932,12/5/2025,4006646858395060000000, $86.397 
10933,1/5/2025,3392326707794260000000, $162.167 
10934,11/5/2025,5103976690518920000000, $107.432 
10935,12/5/2025,9918705234345920000000, $116.095 
10936,9/5/2025,5103976690518920000000, $143.286 
10937,11/5/2025,7953401268952790000000, $158.857 
10938,13/5/2025,6062510864724680000000, $147.713 
10939,7/5/2025,8555737009968730000000, $127.571 
10940,10/5/2025,4625104199305210000000, $110.761 
10941,1/5/2025,5738542183850040000000, $93.164 
10942,10/5/2025,7168192492596300000000, $105.282 
10943,13/5/2025,6049589250331260000000, $152.440 
10944,1/5/2025,4756975101210820000000, $123.322 
10945,10/5/2025,8466841099794280000000, $111.504 
10946,5/5/2025,6097490679148810000000, $115.055 
10947,7/5/2025,5468347189492110000000, $139.328 
10948,12/5/2025,9959869731196110000000, $190.380 
10949,9/5/2025,9873052363609460000000, $150.663 
10950,10/5/2025,4756975101210820000000, $108.016 
10951,13/5/2025,4532573105843790000000, $162.343 
10952,10/5/2025,8466841099794280000000, $193.390 
10953,3/5/2025,5846237021143900000000, $195.992 
10954,15/5/2025,4141229099761540000000, $161.348 
10955,3/5/2025,9485782608370420000000, $103.688 
10956,5/5/2025,9531471274862790000000, $177.582 
10957,15/5/2025,4198878848270070000000, $143.271 
10958,12/5/2025,8466841099794280000000, $60.882 
10959,9/5/2025,8899158762922760000000, $175.763 
10960,2/5/2025,4532573105843790000000, $187.173 
10961,7/5/2025,5986565278541760000000, $147.936 
10962,5/5/2025,4532573105843790000000, $193.316 
10963,1/5/2025,8466841099794280000000, $73.738 
10964,8/5/2025,2129873779400220000000, $124.273 
10965,15/5/2025,7899686173854950000000, $93.356 
10966,5/5/2025,2314407897385040000000, $115.054 
10967,6/5/2025,9786775943413510000000, $164.822 
10968,6/5/2025,7152486951219100000000, $101.480 
10969,15/5/2025,3253840470755770000000, $95.955 
10970,13/5/2025,7138512868566790000000, $105.513 
10971,8/5/2025,6522317459479750000000, $134.256 
10972,14/5/2025,8899158762922760000000, $101.416 
10973,14/5/2025,9531471274862790000000, $85.378 
10974,12/5/2025,4006646858395060000000, $50.157 
10975,14/5/2025,9736513593323050000000, $194.896 
10976,5/5/2025,6793018414117640000000, $154.051 
10977,11/5/2025,9090011910089050000000, $167.298 
10978,6/5/2025,4921783310033160000000, $93.945 
10979,15/5/2025,3139598518491610000000, $100.562 
10980,5/5/2025,5444310699074410000000, $197.427 
10981,9/5/2025,2129873779400220000000, $140.290 
10982,9/5/2025,1424460508640730000000, $181.561 
10983,3/5/2025,9959869731196110000000, $193.435 
10984,15/5/2025,9798767349218530000000, $130.831 
10985,12/5/2025,3139598518491610000000, $162.348 
10986,2/5/2025,9391219716521860000000, $102.939 
10987,12/5/2025,6793018414117640000000, $186.069 
10988,15/5/2025,7953401268952790000000, $130.377 
10989,5/5/2025,5117305773618830000000, $194.752 
10990,5/5/2025,9736513593323050000000, $139.790 
10991,10/5/2025,8671363847364540000000, $150.699 
10992,12/5/2025,9090011910089050000000, $165.808 
10993,11/5/2025,2645474487824410000000, $198.950 
10994,12/5/2025,9873052363609460000000, $139.125 
10995,5/5/2025,9748929398242090000000, $113.483 
10996,7/5/2025,5513026903129130000000, $174.885 
10997,11/5/2025,2281135864391360000000, $72.355 
10998,12/5/2025,9873052363609460000000, $97.773 
10999,11/5/2025,2772929965369000000000, $84.916 
11000,3/5/2025,6758376167184140000000, $82.443 
11001,11/5/2025,4279197314180250000000, $77.230 
11002,10/5/2025,5117305773618830000000, $66.578 
11003,8/5/2025,2567099084090720000000, $153.332 
11004,9/5/2025,9064821306055800000000, $163.076 
11005,12/5/2025,4561779673192690000000, $134.813 
11006,1/5/2025,6758376167184140000000, $123.992 
11007,5/5/2025,5782501953513740000000, $77.695 
11008,7/5/2025,4141229099761540000000, $167.938 
11009,7/5/2025,7863471034839500000000, $57.674 
11010,7/5/2025,2003509300646090000000, $181.655 
11011,8/5/2025,8944383491849780000000, $59.533 
11012,14/5/2025,8203993523394500000000, $176.879 
11013,3/5/2025,4756975101210820000000, $118.698 
11014,6/5/2025,7997907978126240000000, $161.491 
11015,10/5/2025,4022832933031750000000, $159.259 
11016,10/5/2025,5120658000397530000000, $137.337 
11017,14/5/2025,6097490679148810000000, $154.392 
11018,11/5/2025,3253840470755770000000, $124.251 
11019,4/5/2025,4921783310033160000000, $179.009 
11020,6/5/2025,3354991467350240000000, $174.151 
11021,9/5/2025,3967038078211300000000, $68.014 
11022,12/5/2025,4921783310033160000000, $58.096 
11023,1/5/2025,9649641498478330000000, $89.675 
11024,7/5/2025,7340960534911110000000, $156.189 
11025,12/5/2025,4279197314180250000000, $175.887 
11026,15/5/2025,4203623168121110000000, $103.657 
11027,11/5/2025,1686688768285500000000, $58.083 
11028,6/5/2025,5120658000397530000000, $171.917 
11029,7/5/2025,4609186475649680000000, $174.182 
11030,1/5/2025,8956755084607460000000, $194.201 
11031,2/5/2025,3967038078211300000000, $127.364 
11032,8/5/2025,2399512060225930000000, $68.398 
11033,2/5/2025,5973855585697530000000, $136.605 
11034,12/5/2025,6871877630907340000000, $177.103 
11035,4/5/2025,2281135864391360000000, $180.450 
11036,7/5/2025,8149043925352400000000, $90.897 
11037,8/5/2025,4532573105843790000000, $81.055 
11038,2/5/2025,1135532276120800000000, $131.404 
11039,15/5/2025,2399512060225930000000, $51.893 
11040,8/5/2025,2003509300646090000000, $171.275 
11041,10/5/2025,6927359023042170000000, $160.806 
11042,10/5/2025,2129873779400220000000, $168.372 
11043,5/5/2025,3903575001225800000000, $164.966 
11044,15/5/2025,5846237021143900000000, $110.252 
11045,8/5/2025,7997907978126240000000, $189.904 
11046,4/5/2025,4006646858395060000000, $67.336 
11047,7/5/2025,8776118204857300000000, $183.736 
11048,3/5/2025,6758376167184140000000, $78.211 
11049,11/5/2025,3154817750445590000000, $198.043 
11050,10/5/2025,4203623168121110000000, $67.286 
11051,2/5/2025,7863471034839500000000, $157.439 
11052,5/5/2025,7168192492596300000000, $145.395 
11053,12/5/2025,9649641498478330000000, $163.047 
11054,13/5/2025,1599906229584790000000, $137.029 
11055,11/5/2025,9786775943413510000000, $85.299 
11056,7/5/2025,5513026903129130000000, $71.831 
11057,12/5/2025,3903575001225800000000, $196.645 
11058,13/5/2025,7899686173854950000000, $140.137 
11059,14/5/2025,8445671467790750000000, $163.385 
11060,14/5/2025,4279197314180250000000, $112.200 
11061,14/5/2025,3154817750445590000000, $68.958 
11062,6/5/2025,4058688834338790000000, $101.870 
11063,4/5/2025,3967038078211300000000, $84.744 
11064,10/5/2025,2047835249457480000000, $138.036 
11065,5/5/2025,9873052363609460000000, $74.662 
11066,14/5/2025,5468347189492110000000, $156.813 
11067,7/5/2025,9098586370061070000000, $133.515 
11068,11/5/2025,3542404477456310000000, $153.500 
11069,8/5/2025,5846237021143900000000, $57.062 
11070,7/5/2025,3154817750445590000000, $111.819 
11071,6/5/2025,8306963095360180000000, $176.989 
11072,9/5/2025,6097490679148810000000, $86.408 
11073,7/5/2025,4649132091620120000000, $81.736 
11074,9/5/2025,1529399085474410000000, $148.702 
11075,12/5/2025,7997907978126240000000, $165.825 
11076,3/5/2025,4207339942053770000000, $164.912 
11077,1/5/2025,3253840470755770000000, $109.935 
11078,6/5/2025,2645474487824410000000, $159.195 
11079,1/5/2025,1529399085474410000000, $135.354 
11080,6/5/2025,7953401268952790000000, $98.529 
11081,14/5/2025,2645474487824410000000, $87.692 
11082,6/5/2025,3747440670864670000000, $166.509 
11083,9/5/2025,3154817750445590000000, $167.613 
11084,11/5/2025,2337100263831370000000, $127.176 
11085,12/5/2025,2567099084090720000000, $147.013 
11086,5/5/2025,3266747550821390000000, $127.196 
11087,1/5/2025,7953401268952790000000, $95.562 
11088,4/5/2025,9391219716521860000000, $184.615 
11089,3/5/2025,6871877630907340000000, $151.350 
11090,11/5/2025,7863471034839500000000, $154.688 
11091,6/5/2025,9748929398242090000000, $197.991 
11092,14/5/2025,4198878848270070000000, $126.384 
11093,9/5/2025,7900703138674360000000, $60.074 
11094,14/5/2025,1529399085474410000000, $73.934 
11095,11/5/2025,3542404477456310000000, $138.775 
11096,12/5/2025,4649132091620120000000, $165.232 
11097,10/5/2025,2399512060225930000000, $150.257 
11098,6/5/2025,4919495851948610000000, $163.659 
11099,11/5/2025,9064821306055800000000, $157.268 
11100,12/5/2025,7138512868566790000000, $75.039 
11101,9/5/2025,4462155701852230000000, $157.765 
11102,11/5/2025,4919495851948610000000, $177.538 
11103,8/5/2025,9485782608370420000000, $166.035 
11104,9/5/2025,4985434974457620000000, $146.680 
11105,9/5/2025,9531471274862790000000, $172.094 
11106,4/5/2025,7900703138674360000000, $96.704 
11107,5/5/2025,8899158762922760000000, $195.673 
11108,6/5/2025,8149043925352400000000, $193.067 
11109,15/5/2025,9798767349218530000000, $73.050 
11110,13/5/2025,9391219716521860000000, $76.650 
11111,8/5/2025,7152486951219100000000, $108.380 
11112,15/5/2025,7463433831270050000000, $114.368 
11113,13/5/2025,7168192492596300000000, $112.525 
11114,9/5/2025,2003509300646090000000, $99.124 
11115,8/5/2025,3154817750445590000000, $106.736 
11116,4/5/2025,3266747550821390000000, $75.980 
11117,11/5/2025,8469153896754610000000, $134.246 
11118,7/5/2025,4625104199305210000000, $77.239 
11119,5/5/2025,8149043925352400000000, $75.647 
11120,9/5/2025,7899686173854950000000, $107.021 
11121,12/5/2025,7952040138615920000000, $150.424 
11122,1/5/2025,8571141132270220000000, $115.597 
11123,12/5/2025,2314407897385040000000, $125.779 
11124,3/5/2025,1686688768285500000000, $121.754 
11125,1/5/2025,3903575001225800000000, $84.353 
11126,5/5/2025,7463433831270050000000, $59.387 
11127,2/5/2025,9301914663635570000000, $111.311 
11128,3/5/2025,4985434974457620000000, $89.266 
11129,7/5/2025,7385183762532280000000, $74.953 
11130,8/5/2025,1112192065530490000000, $154.892 
11131,6/5/2025,1686688768285500000000, $122.080 
11132,4/5/2025,2698999302843630000000, $140.033 
11133,4/5/2025,3569167187044620000000, $194.916 
11134,8/5/2025,5986565278541760000000, $140.153 
11135,15/5/2025,8671363847364540000000, $78.760 
11136,5/5/2025,8445671467790750000000, $168.283 
11137,11/5/2025,8672747146995710000000, $123.120 
11138,1/5/2025,1424460508640730000000, $111.194 
11139,13/5/2025,9798767349218530000000, $103.433 
11140,2/5/2025,9531471274862790000000, $143.945 
11141,7/5/2025,8401655961961310000000, $86.919 
11142,1/5/2025,7340960534911110000000, $106.277 
11143,6/5/2025,9873052363609460000000, $61.121 
11144,8/5/2025,3139598518491610000000, $95.219 
11145,5/5/2025,9736513593323050000000, $163.256 
11146,8/5/2025,7385183762532280000000, $107.055 
11147,11/5/2025,5738542183850040000000, $80.078 
11148,2/5/2025,6049589250331260000000, $103.416 
11149,1/5/2025,8552897590627620000000, $163.860 
11150,7/5/2025,6062510864724680000000, $130.291 
11151,6/5/2025,4532573105843790000000, $165.307 
11152,15/5/2025,7899686173854950000000, $65.044 
11153,6/5/2025,2772929965369000000000, $132.839 
11154,6/5/2025,2548682223996000000000, $111.097 
11155,5/5/2025,2548682223996000000000, $71.871 
11156,7/5/2025,2281135864391360000000, $112.500 
11157,1/5/2025,8552897590627620000000, $95.889 
11158,13/5/2025,3622546757575540000000, $129.800 
11159,3/5/2025,6522317459479750000000, $81.732 
11160,15/5/2025,7952040138615920000000, $72.345 
11161,8/5/2025,2772929965369000000000, $191.078 
11162,12/5/2025,1424460508640730000000, $156.836 
11163,9/5/2025,5465692922711630000000, $138.676 
11164,7/5/2025,6049589250331260000000, $122.542 
11165,1/5/2025,4198878848270070000000, $113.426 
11166,14/5/2025,6062510864724680000000, $70.236 
11167,7/5/2025,8776118204857300000000, $71.119 
11168,15/5/2025,8445671467790750000000, $185.991 
11169,8/5/2025,5973855585697530000000, $94.091 
11170,2/5/2025,1135532276120800000000, $75.747 
11171,2/5/2025,9301914663635570000000, $61.391 
11172,9/5/2025,3139598518491610000000, $68.045 
11173,14/5/2025,8552897590627620000000, $133.933 
11174,6/5/2025,6522317459479750000000, $176.122 
11175,4/5/2025,2476716673525860000000, $89.815 
11176,6/5/2025,8401655961961310000000, $144.544 
11177,13/5/2025,2337100263831370000000, $178.575 
11178,12/5/2025,5513026903129130000000, $53.402 
11179,9/5/2025,8956755084607460000000, $185.889 
11180,8/5/2025,8944383491849780000000, $138.404 
11181,5/5/2025,2337100263831370000000, $89.963 
11182,11/5/2025,5444310699074410000000, $170.848 
11183,3/5/2025,2898753242884000000000, $90.861 
11184,3/5/2025,4462155701852230000000, $140.566 
11185,6/5/2025,8203993523394500000000, $84.471 
11186,7/5/2025,9918705234345920000000, $164.283 
11187,1/5/2025,4561779673192690000000, $105.159 
11188,4/5/2025,9391219716521860000000, $119.786 
11189,2/5/2025,3747440670864670000000, $167.321 
11190,4/5/2025,2129873779400220000000, $160.126 
11191,4/5/2025,4625104199305210000000, $134.494 
11192,9/5/2025,3253840470755770000000, $101.613 
11193,13/5/2025,2003509300646090000000, $55.583 
11194,3/5/2025,8306963095360180000000, $155.669 
11195,6/5/2025,3569167187044620000000, $127.284 
11196,5/5/2025,7899686173854950000000, $127.453 
11197,14/5/2025,5103976690518920000000, $192.554 
11198,2/5/2025,8401655961961310000000, $74.390 
11199,15/5/2025,3354991467350240000000, $82.719 
11200,12/6/2025,9748929398242090000000, $156.263 
11201,7/6/2025,3253840470755770000000, $94.174 
11202,6/6/2025,3354991467350240000000, $127.091 
11203,15/6/2025,5444310699074410000000, $62.568 
11204,2/6/2025,4738588789752250000000, $146.002 
11205,7/6/2025,8203993523394500000000, $86.146 
11206,1/6/2025,3622546757575540000000, $117.882 
11207,7/6/2025,8899158762922760000000, $192.983 
11208,9/6/2025,4561779673192690000000, $187.497 
11209,4/6/2025,9098586370061070000000, $92.113 
11210,9/6/2025,4649132091620120000000, $183.162 
11211,14/6/2025,1135532276120800000000, $193.457 
11212,1/6/2025,8327358679900400000000, $126.302 
11213,9/6/2025,9090011910089050000000, $180.740 
11214,8/6/2025,2772929965369000000000, $121.596 
11215,4/6/2025,7657255516105140000000, $90.074 
11216,6/6/2025,8469153896754610000000, $162.073 
11217,9/6/2025,4207339942053770000000, $158.037 
11218,8/6/2025,8956755084607460000000, $166.728 
11219,7/6/2025,1686688768285500000000, $144.334 
11220,2/6/2025,2548682223996000000000, $183.863 
11221,15/6/2025,2645474487824410000000, $113.415 
11222,3/6/2025,8552897590627620000000, $80.920 
11223,8/6/2025,5930181715250340000000, $190.098 
11224,7/6/2025,4609186475649680000000, $178.238 
11225,4/6/2025,8899158762922760000000, $50.344 
11226,4/6/2025,4022832933031750000000, $50.578 
11227,15/6/2025,7899686173854950000000, $55.954 
11228,10/6/2025,6049589250331260000000, $127.527 
11229,7/6/2025,1112192065530490000000, $154.173 
11230,9/6/2025,8672747146995710000000, $150.456 
11231,6/6/2025,9391219716521860000000, $149.229 
11232,12/6/2025,4279197314180250000000, $108.399 
11233,4/6/2025,1112192065530490000000, $88.220 
11234,4/6/2025,5986565278541760000000, $79.086 
11235,12/6/2025,8776118204857300000000, $129.498 
11236,11/6/2025,5444310699074410000000, $137.803 
11237,15/6/2025,6097490679148810000000, $183.587 
11238,11/6/2025,5782501953513740000000, $69.524 
11239,4/6/2025,7952040138615920000000, $191.672 
11240,7/6/2025,2645474487824410000000, $79.515 
11241,13/6/2025,7168192492596300000000, $192.241 
11242,1/6/2025,4609186475649680000000, $101.693 
11243,1/6/2025,9918705234345920000000, $121.358 
11244,12/6/2025,9786775943413510000000, $87.353 
11245,13/6/2025,1831622936090280000000, $196.846 
11246,9/6/2025,6871877630907340000000, $104.816 
11247,4/6/2025,1529399085474410000000, $53.824 
11248,9/6/2025,5444310699074410000000, $85.018 
11249,6/6/2025,5738542183850040000000, $74.904 
11250,1/6/2025,1424460508640730000000, $106.080 
11251,12/6/2025,9918705234345920000000, $74.598 
11252,13/6/2025,4756975101210820000000, $158.524 
11253,4/6/2025,6758376167184140000000, $114.352 
11254,2/6/2025,6793018414117640000000, $129.647 
11255,14/6/2025,9748929398242090000000, $139.526 
11256,9/6/2025,1599906229584790000000, $90.657 
11257,5/6/2025,5846237021143900000000, $170.374 
11258,5/6/2025,3266747550821390000000, $192.136 
11259,14/6/2025,5120658000397530000000, $59.110 
11260,8/6/2025,7340960534911110000000, $191.493 
11261,15/6/2025,6793018414117640000000, $67.704 
11262,15/6/2025,9798767349218530000000, $167.910 
11263,12/6/2025,7463433831270050000000, $176.732 
11264,8/6/2025,6871877630907340000000, $184.196 
11265,15/6/2025,8149043925352400000000, $116.744 
11266,10/6/2025,2548682223996000000000, $72.515 
11267,8/6/2025,5930181715250340000000, $113.881 
11268,2/6/2025,9798767349218530000000, $147.491 
11269,3/6/2025,4207339942053770000000, $174.758 
11270,13/6/2025,2476716673525860000000, $160.646 
11271,8/6/2025,2772929965369000000000, $107.877 
11272,4/6/2025,3139598518491610000000, $156.420 
11273,1/6/2025,2337100263831370000000, $131.193 
11274,10/6/2025,4198878848270070000000, $131.339 
11275,6/6/2025,2129873779400220000000, $188.762 
11276,4/6/2025,8466841099794280000000, $147.420 
11277,13/6/2025,4532573105843790000000, $71.437 
11278,3/6/2025,8956755084607460000000, $156.860 
11279,3/6/2025,5465692922711630000000, $180.550 
11280,9/6/2025,7953401268952790000000, $111.472 
11281,12/6/2025,8776118204857300000000, $130.693 
11282,3/6/2025,3967038078211300000000, $148.254 
11283,4/6/2025,7152486951219100000000, $188.613 
11284,4/6/2025,4462155701852230000000, $189.804 
11285,5/6/2025,8956755084607460000000, $178.252 
11286,14/6/2025,8555737009968730000000, $137.547 
11287,10/6/2025,2047835249457480000000, $198.332 
11288,2/6/2025,8776118204857300000000, $79.726 
11289,12/6/2025,4738588789752250000000, $182.274 
11290,3/6/2025,4058688834338790000000, $108.740 
11291,2/6/2025,9748929398242090000000, $166.628 
11292,7/6/2025,4649132091620120000000, $123.650 
11293,11/6/2025,5782501953513740000000, $160.898 
11294,7/6/2025,9748929398242090000000, $148.210 
11295,12/6/2025,4462155701852230000000, $160.166 
11296,5/6/2025,3354991467350240000000, $88.806 
11297,13/6/2025,2129873779400220000000, $96.786 
11298,2/6/2025,6062510864724680000000, $130.451 
11299,7/6/2025,9736513593323050000000, $171.818 
11300,12/6/2025,9873052363609460000000, $184.546 
11301,13/6/2025,1424460508640730000000, $147.171 
11302,1/6/2025,9098586370061070000000, $153.248 
11303,13/6/2025,3622546757575540000000, $67.971 
11304,7/6/2025,4279197314180250000000, $120.916 
11305,12/6/2025,6049589250331260000000, $117.951 
11306,9/6/2025,9918705234345920000000, $60.746 
11307,2/6/2025,3392326707794260000000, $155.620 
11308,5/6/2025,7657255516105140000000, $60.473 
11309,8/6/2025,9786775943413510000000, $197.318 
11310,10/6/2025,6927359023042170000000, $69.221 
11311,15/6/2025,3392326707794260000000, $177.534 
11312,6/6/2025,5465692922711630000000, $95.410 
11313,3/6/2025,8671363847364540000000, $153.376 
11314,8/6/2025,4739093289474880000000, $141.179 
11315,13/6/2025,7863471034839500000000, $67.844 
11316,2/6/2025,4985434974457620000000, $173.918 
11317,3/6/2025,9485782608370420000000, $56.583 
11318,13/6/2025,2281135864391360000000, $143.322 
11319,5/6/2025,8327358679900400000000, $129.645 
11320,4/6/2025,3747440670864670000000, $122.858 
11321,6/6/2025,7168192492596300000000, $109.255 
11322,14/6/2025,5103976690518920000000, $168.136 
11323,8/6/2025,5973855585697530000000, $103.041 
11324,3/6/2025,9736513593323050000000, $114.558 
11325,4/6/2025,7899686173854950000000, $146.415 
11326,11/6/2025,5120658000397530000000, $53.845 
11327,7/6/2025,3354991467350240000000, $162.875 
11328,13/6/2025,9748929398242090000000, $98.105 
11329,1/6/2025,3392326707794260000000, $151.503 
11330,2/6/2025,8944383491849780000000, $51.389 
11331,3/6/2025,2314407897385040000000, $90.042 
11332,7/6/2025,2645474487824410000000, $60.696 
11333,9/6/2025,9786775943413510000000, $75.406 
11334,12/6/2025,9649641498478330000000, $140.096 
11335,7/6/2025,2898753242884000000000, $153.459 
11336,3/6/2025,5846237021143900000000, $131.497 
11337,11/6/2025,9098586370061070000000, $189.690 
11338,11/6/2025,4985434974457620000000, $64.813 
11339,4/6/2025,2548682223996000000000, $136.947 
11340,3/6/2025,8899158762922760000000, $149.217 
11341,8/6/2025,2476716673525860000000, $90.302 
11342,2/6/2025,9301914663635570000000, $158.631 
11343,12/6/2025,4609186475649680000000, $172.408 
11344,11/6/2025,4532573105843790000000, $198.967 
11345,4/6/2025,1831622936090280000000, $188.089 
11346,2/6/2025,7385183762532280000000, $164.024 
11347,4/6/2025,3747440670864670000000, $177.977 
11348,13/6/2025,6062510864724680000000, $182.966 
11349,5/6/2025,8445671467790750000000, $188.535 
11350,7/6/2025,5973855585697530000000, $89.776 
11351,15/6/2025,6927359023042170000000, $92.078 
11352,4/6/2025,6927359023042170000000, $93.138 
11353,5/6/2025,8469153896754610000000, $100.734 
11354,2/6/2025,3154817750445590000000, $159.270 
11355,11/6/2025,9090011910089050000000, $146.761 
11356,13/6/2025,7863471034839500000000, $95.309 
11357,7/6/2025,2698999302843630000000, $66.955 
11358,5/6/2025,4203623168121110000000, $51.544 
11359,9/6/2025,2399512060225930000000, $199.340 
11360,4/6/2025,6793018414117640000000, $55.460 
11361,9/6/2025,2047835249457480000000, $188.413 
11362,4/6/2025,7900703138674360000000, $197.770 
11363,10/6/2025,7952040138615920000000, $89.225 
11364,6/6/2025,7863471034839500000000, $65.326 
11365,4/6/2025,9649641498478330000000, $125.504 
11366,10/6/2025,4022832933031750000000, $167.476 
11367,7/6/2025,2129873779400220000000, $67.237 
11368,3/6/2025,4985434974457620000000, $89.301 
11369,13/6/2025,4739093289474880000000, $177.236 
11370,10/6/2025,4279197314180250000000, $140.453 
11371,12/6/2025,8552897590627620000000, $180.296 
11372,3/6/2025,6049589250331260000000, $99.867 
11373,8/6/2025,7953401268952790000000, $95.781 
11374,3/6/2025,4198878848270070000000, $62.275 
11375,11/6/2025,6758376167184140000000, $88.767 
11376,9/6/2025,2399512060225930000000, $89.732 
11377,2/6/2025,7463433831270050000000, $173.563 
11378,13/6/2025,5986565278541760000000, $125.543 
11379,9/6/2025,1424460508640730000000, $141.012 
11380,14/6/2025,4738588789752250000000, $60.519 
11381,13/6/2025,6871877630907340000000, $78.755 
11382,8/6/2025,4207339942053770000000, $141.375 
11383,2/6/2025,9531471274862790000000, $74.285 
11384,14/6/2025,7138512868566790000000, $181.319 
11385,7/6/2025,8445671467790750000000, $68.122 
11386,13/6/2025,9391219716521860000000, $109.352 
11387,15/6/2025,4919495851948610000000, $50.261 
11388,13/6/2025,2567099084090720000000, $147.077 
11389,6/6/2025,3903575001225800000000, $178.926 
11390,5/6/2025,5986565278541760000000, $67.191 
11391,1/6/2025,2003509300646090000000, $113.143 
11392,5/6/2025,5738542183850040000000, $157.215 
11393,7/6/2025,7899686173854950000000, $192.437 
11394,6/6/2025,3354991467350240000000, $106.805 
11395,11/6/2025,8469153896754610000000, $140.186 
11396,14/6/2025,7953401268952790000000, $61.507 
11397,9/6/2025,8445671467790750000000, $139.504 
11398,7/6/2025,9918705234345920000000, $162.334 
11399,13/6/2025,4921783310033160000000, $187.102 
11400,11/6/2025,8469153896754610000000, $96.692 
11401,11/6/2025,6062510864724680000000, $162.564 
11402,10/6/2025,5468347189492110000000, $95.739 
11403,8/6/2025,8552897590627620000000, $135.172 
11404,15/6/2025,3392326707794260000000, $113.154 
11405,1/6/2025,4141229099761540000000, $151.706 
11406,4/6/2025,4207339942053770000000, $162.305 
11407,10/6/2025,4738588789752250000000, $156.744 
11408,8/6/2025,7900703138674360000000, $95.943 
11409,3/6/2025,8466841099794280000000, $63.701 
11410,8/6/2025,6793018414117640000000, $63.985 
11411,5/6/2025,6522317459479750000000, $58.744 
11412,3/6/2025,5103976690518920000000, $149.162 
11413,13/6/2025,1686688768285500000000, $169.201 
11414,10/6/2025,9873052363609460000000, $179.001 
11415,14/6/2025,8149043925352400000000, $83.359 
11416,12/6/2025,2698999302843630000000, $87.316 
11417,9/6/2025,5513026903129130000000, $167.227 
11418,6/6/2025,3542404477456310000000, $172.497 
11419,10/6/2025,9485782608370420000000, $88.556 
11420,1/6/2025,7997907978126240000000, $169.385 
11421,1/6/2025,4649132091620120000000, $89.974 
11422,2/6/2025,9064821306055800000000, $125.282 
11423,12/6/2025,8913811465076470000000, $190.377 
11424,3/6/2025,1686688768285500000000, $144.819 
11425,10/6/2025,3967038078211300000000, $74.878 
11426,13/6/2025,5465692922711630000000, $98.612 
11427,8/6/2025,5930181715250340000000, $189.415 
11428,6/6/2025,3542404477456310000000, $100.242 
11429,1/6/2025,4625104199305210000000, $192.934 
11430,8/6/2025,1112192065530490000000, $176.018 
11431,5/6/2025,3139598518491610000000, $148.450 
11432,7/6/2025,6927359023042170000000, $129.214 
11433,4/6/2025,8401655961961310000000, $135.499 
11434,15/6/2025,7385183762532280000000, $52.344 
11435,9/6/2025,6097490679148810000000, $60.842 
11436,7/6/2025,7899686173854950000000, $124.384 
11437,11/6/2025,2698999302843630000000, $60.812 
11438,15/6/2025,7952040138615920000000, $103.360 
11439,6/6/2025,3253840470755770000000, $69.781 
11440,13/6/2025,7657255516105140000000, $62.473 
11441,14/6/2025,4141229099761540000000, $127.442 
11442,15/6/2025,3139598518491610000000, $187.823 
11443,1/6/2025,4919495851948610000000, $128.031 
11444,10/6/2025,6097490679148810000000, $87.954 
11445,7/6/2025,4756975101210820000000, $52.171 
11446,8/6/2025,7997907978126240000000, $171.697 
11447,13/6/2025,5930181715250340000000, $95.934 
11448,5/6/2025,8671363847364540000000, $171.379 
11449,1/6/2025,2281135864391360000000, $115.268 
11450,13/6/2025,8203993523394500000000, $194.459 
11451,4/6/2025,9064821306055800000000, $138.212 
11452,9/6/2025,2548682223996000000000, $188.920 
11453,10/6/2025,3903575001225800000000, $134.587 
11454,3/6/2025,7168192492596300000000, $130.839 
11455,14/6/2025,8899158762922760000000, $61.843 
11456,3/6/2025,9090011910089050000000, $185.612 
11457,5/6/2025,4919495851948610000000, $149.350 
11458,11/6/2025,9649641498478330000000, $80.728 
11459,11/6/2025,4058688834338790000000, $83.296 
11460,7/6/2025,9531471274862790000000, $84.563 
11461,1/6/2025,9485782608370420000000, $105.996 
11462,4/6/2025,6522317459479750000000, $136.442 
11463,12/6/2025,3253840470755770000000, $113.478 
11464,10/6/2025,3266747550821390000000, $57.270 
11465,9/6/2025,3569167187044620000000, $149.535 
11466,10/6/2025,4198878848270070000000, $113.161 
11467,6/6/2025,9959869731196110000000, $171.919 
11468,10/6/2025,8401655961961310000000, $192.751 
11469,14/6/2025,7340960534911110000000, $111.258 
11470,10/6/2025,4919495851948610000000, $147.148 
11471,15/6/2025,8466841099794280000000, $57.945 
11472,1/6/2025,2567099084090720000000, $51.003 
11473,9/6/2025,7340960534911110000000, $72.442 
11474,10/6/2025,6522317459479750000000, $108.786 
11475,5/6/2025,8149043925352400000000, $155.495 
11476,7/6/2025,4625104199305210000000, $50.545 
11477,7/6/2025,7953401268952790000000, $194.991 
11478,9/6/2025,7138512868566790000000, $67.710 
11479,2/6/2025,8776118204857300000000, $136.707 
11480,7/6/2025,7900703138674360000000, $91.821 
11481,11/6/2025,9090011910089050000000, $174.102 
11482,3/6/2025,1529399085474410000000, $72.525 
11483,9/6/2025,9873052363609460000000, $146.094 
11484,6/6/2025,2645474487824410000000, $118.516 
11485,15/6/2025,4006646858395060000000, $53.842 
11486,8/6/2025,6927359023042170000000, $75.587 
11487,13/6/2025,7900703138674360000000, $105.697 
11488,9/6/2025,8672747146995710000000, $62.336 
11489,4/6/2025,3622546757575540000000, $55.749 
11490,14/6/2025,4207339942053770000000, $116.570 
11491,10/6/2025,2399512060225930000000, $55.472 
11492,6/6/2025,8466841099794280000000, $76.986 
11493,7/6/2025,3622546757575540000000, $76.244 
11494,9/6/2025,4561779673192690000000, $121.587 
11495,9/6/2025,8571141132270220000000, $117.850 
11496,1/6/2025,2281135864391360000000, $145.129 
11497,8/6/2025,8327358679900400000000, $89.150 
11498,9/6/2025,5120658000397530000000, $171.488 
11499,13/6/2025,9736513593323050000000, $154.299 
11500,6/6/2025,4279197314180250000000, $158.122 
11501,7/6/2025,8672747146995710000000, $109.210 
11502,6/6/2025,9786775943413510000000, $186.896 
11503,6/6/2025,1599906229584790000000, $107.260 
11504,8/6/2025,8445671467790750000000, $184.339 
11505,9/6/2025,8944383491849780000000, $99.091 
11506,12/6/2025,5465692922711630000000, $82.264 
11507,10/6/2025,4985434974457620000000, $108.092 
11508,14/6/2025,4649132091620120000000, $187.455 
11509,8/6/2025,2281135864391360000000, $106.067 
11510,9/6/2025,4625104199305210000000, $188.898 
11511,10/6/2025,8956755084607460000000, $147.144 
11512,13/6/2025,1112192065530490000000, $53.268 
11513,4/6/2025,9798767349218530000000, $197.946 
11514,1/6/2025,5986565278541760000000, $66.833 
11515,12/6/2025,8401655961961310000000, $194.060 
11516,5/6/2025,4022832933031750000000, $145.570 
11517,11/6/2025,2698999302843630000000, $173.153 
11518,4/6/2025,7138512868566790000000, $82.378 
11519,11/6/2025,1135532276120800000000, $80.932 
11520,6/6/2025,6871877630907340000000, $164.282 
11521,10/6/2025,4141229099761540000000, $145.278 
11522,2/6/2025,5444310699074410000000, $133.541 
11523,10/6/2025,1529399085474410000000, $76.267 
11524,11/6/2025,5120658000397530000000, $74.201 
11525,12/6/2025,6062510864724680000000, $156.518 
11526,5/6/2025,7657255516105140000000, $170.668 
11527,5/6/2025,8555737009968730000000, $145.658 
11528,11/6/2025,7168192492596300000000, $181.652 
11529,11/6/2025,7463433831270050000000, $50.855 
11530,2/6/2025,8552897590627620000000, $97.795 
11531,3/6/2025,4532573105843790000000, $89.812 
11532,1/6/2025,2047835249457480000000, $143.060 
11533,7/6/2025,1112192065530490000000, $150.876 
11534,13/6/2025,3154817750445590000000, $125.683 
11535,6/6/2025,2898753242884000000000, $53.593 
11536,10/6/2025,9301914663635570000000, $176.183 
11537,10/6/2025,7997907978126240000000, $129.824 
11538,3/6/2025,3967038078211300000000, $132.481 
11539,12/6/2025,5117305773618830000000, $132.121 
11540,11/6/2025,4609186475649680000000, $132.130 
11541,4/6/2025,4022832933031750000000, $168.335 
11542,10/6/2025,5103976690518920000000, $84.084 
11543,9/6/2025,7168192492596300000000, $171.687 
11544,6/6/2025,4141229099761540000000, $75.216 
11545,15/6/2025,5973855585697530000000, $60.525 
11546,12/6/2025,7340960534911110000000, $82.076 
11547,11/6/2025,9531471274862790000000, $112.816 
11548,4/6/2025,8672747146995710000000, $68.051 
11549,13/6/2025,8552897590627620000000, $67.787 
11550,2/6/2025,1529399085474410000000, $119.079 
11551,6/6/2025,8469153896754610000000, $88.096 
11552,13/6/2025,4141229099761540000000, $146.781 
11553,3/6/2025,4649132091620120000000, $163.219 
11554,13/6/2025,8671363847364540000000, $63.982 
11555,9/6/2025,4022832933031750000000, $167.217 
11556,14/6/2025,2772929965369000000000, $144.019 
11557,13/6/2025,5513026903129130000000, $151.044 
11558,4/6/2025,7340960534911110000000, $117.091 
11559,2/6/2025,2047835249457480000000, $188.071 
11560,2/6/2025,8306963095360180000000, $65.021 
11561,12/6/2025,5846237021143900000000, $121.085 
11562,2/6/2025,4532573105843790000000, $163.619 
11563,11/6/2025,3569167187044620000000, $127.646 
11564,1/6/2025,5973855585697530000000, $157.883 
11565,7/6/2025,7953401268952790000000, $161.653 
11566,2/6/2025,8899158762922760000000, $142.206 
11567,14/6/2025,2314407897385040000000, $120.348 
11568,13/6/2025,8671363847364540000000, $195.578 
11569,3/6/2025,5468347189492110000000, $125.306 
11570,2/6/2025,9959869731196110000000, $175.303 
11571,5/6/2025,6049589250331260000000, $115.197 
11572,5/6/2025,8555737009968730000000, $143.712 
11573,8/6/2025,4279197314180250000000, $199.013 
11574,14/6/2025,4198878848270070000000, $138.528 
11575,6/6/2025,4203623168121110000000, $146.812 
11576,15/6/2025,9391219716521860000000, $141.245 
11577,14/6/2025,2548682223996000000000, $69.372 
11578,2/6/2025,4756975101210820000000, $136.124 
11579,8/6/2025,2337100263831370000000, $196.848 
11580,3/6/2025,3542404477456310000000, $104.043 
11581,4/6/2025,7138512868566790000000, $52.642 
11582,11/6/2025,5513026903129130000000, $77.320 
11583,7/6/2025,7657255516105140000000, $78.854 
11584,6/6/2025,4756975101210820000000, $137.552 
11585,3/6/2025,3266747550821390000000, $126.612 
11586,8/6/2025,4985434974457620000000, $116.693 
11587,10/6/2025,3622546757575540000000, $153.045 
11588,7/6/2025,8306963095360180000000, $119.624 
11589,12/6/2025,2314407897385040000000, $63.068 
11590,13/6/2025,4006646858395060000000, $179.717 
11591,7/6/2025,9301914663635570000000, $57.070 
11592,1/6/2025,4462155701852230000000, $55.540 
11593,5/6/2025,2281135864391360000000, $59.596 
11594,12/6/2025,8956755084607460000000, $177.214 
11595,4/6/2025,9798767349218530000000, $145.025 
11596,5/6/2025,8776118204857300000000, $90.481 
11597,10/6/2025,4561779673192690000000, $82.992 
11598,8/6/2025,7152486951219100000000, $121.011 
11599,9/6/2025,4006646858395060000000, $127.458 
11600,14/6/2025,4739093289474880000000, $131.925 
11601,8/6/2025,7385183762532280000000, $152.839 
11602,5/6/2025,8571141132270220000000, $134.096 
11603,13/6/2025,8203993523394500000000, $64.979 
11604,3/6/2025,5738542183850040000000, $150.992 
11605,5/6/2025,4561779673192690000000, $58.050 
11606,15/6/2025,5444310699074410000000, $59.340 
11607,11/6/2025,4203623168121110000000, $132.485 
11608,1/6/2025,4921783310033160000000, $184.055 
11609,1/6/2025,6871877630907340000000, $121.216 
11610,10/6/2025,4739093289474880000000, $190.189 
11611,10/6/2025,3392326707794260000000, $140.212 
11612,2/6/2025,1599906229584790000000, $133.941 
11613,1/6/2025,9301914663635570000000, $62.484 
11614,5/6/2025,6062510864724680000000, $64.534 
11615,4/6/2025,3903575001225800000000, $86.475 
11616,13/6/2025,3903575001225800000000, $118.800 
11617,1/6/2025,7952040138615920000000, $110.662 
11618,2/6/2025,4625104199305210000000, $117.220 
11619,8/6/2025,2337100263831370000000, $80.606 
11620,4/6/2025,8571141132270220000000, $154.654 
11621,1/6/2025,5468347189492110000000, $173.913 
11622,4/6/2025,5103976690518920000000, $193.419 
11623,3/6/2025,3154817750445590000000, $70.679 
11624,4/6/2025,2476716673525860000000, $97.085 
11625,10/6/2025,2898753242884000000000, $130.922 
11626,12/6/2025,4625104199305210000000, $136.581 
11627,9/6/2025,9736513593323050000000, $90.171 
11628,1/6/2025,7138512868566790000000, $101.060 
11629,3/6/2025,7152486951219100000000, $76.590 
11630,8/6/2025,1135532276120800000000, $142.588 
11631,13/6/2025,6522317459479750000000, $157.576 
11632,10/6/2025,2003509300646090000000, $63.747 
11633,3/6/2025,2003509300646090000000, $184.065 
11634,4/6/2025,8306963095360180000000, $188.079 
11635,7/6/2025,9918705234345920000000, $114.114 
11636,8/6/2025,4756975101210820000000, $191.364 
11637,2/6/2025,5846237021143900000000, $59.083 
11638,11/6/2025,4561779673192690000000, $52.169 
11639,7/6/2025,2047835249457480000000, $182.085 
11640,9/6/2025,2567099084090720000000, $136.492 
11641,5/6/2025,4738588789752250000000, $194.399 
11642,14/6/2025,8327358679900400000000, $103.683 
11643,12/6/2025,9736513593323050000000, $82.520 
11644,12/6/2025,4058688834338790000000, $150.473 
11645,12/6/2025,9873052363609460000000, $185.550 
11646,9/6/2025,5103976690518920000000, $74.267 
11647,5/6/2025,2337100263831370000000, $93.633 
11648,1/6/2025,2337100263831370000000, $77.830 
11649,8/6/2025,9786775943413510000000, $88.116 
11650,2/6/2025,5738542183850040000000, $51.627 
11651,7/6/2025,8571141132270220000000, $133.035 
11652,15/6/2025,8672747146995710000000, $90.491 
11653,1/6/2025,1686688768285500000000, $181.022 
11654,2/6/2025,1599906229584790000000, $75.658 
11655,6/6/2025,6097490679148810000000, $50.336 
11656,3/6/2025,9959869731196110000000, $167.323 
11657,7/6/2025,9391219716521860000000, $71.537 
11658,5/6/2025,1831622936090280000000, $147.392 
11659,1/6/2025,8306963095360180000000, $163.653 
11660,3/6/2025,4462155701852230000000, $187.706 
11661,9/6/2025,8327358679900400000000, $157.011 
11662,8/6/2025,2645474487824410000000, $143.936 
11663,15/6/2025,8671363847364540000000, $163.915 
11664,12/6/2025,5117305773618830000000, $68.011 
11665,11/6/2025,8555737009968730000000, $179.789 
11666,12/6/2025,4203623168121110000000, $62.611 
11667,15/6/2025,3354991467350240000000, $179.021 
11668,6/6/2025,8944383491849780000000, $67.162 
11669,6/6/2025,7463433831270050000000, $192.818 
11670,10/6/2025,7463433831270050000000, $140.648 
11671,1/6/2025,3154817750445590000000, $63.475 
11672,12/6/2025,2698999302843630000000, $169.126 
11673,14/6/2025,4006646858395060000000, $121.723 
11674,10/6/2025,3569167187044620000000, $91.892 
11675,14/6/2025,2567099084090720000000, $194.713 
11676,11/6/2025,3569167187044620000000, $125.271 
11677,10/6/2025,6758376167184140000000, $171.036 
11678,14/6/2025,8306963095360180000000, $65.597 
11679,7/6/2025,2129873779400220000000, $118.111 
11680,13/6/2025,5782501953513740000000, $104.759 
11681,1/6/2025,9064821306055800000000, $189.824 
11682,12/6/2025,9531471274862790000000, $85.557 
11683,3/6/2025,8571141132270220000000, $108.797 
11684,2/6/2025,5468347189492110000000, $182.374 
11685,12/6/2025,5986565278541760000000, $51.993 
11686,8/6/2025,3967038078211300000000, $106.073 
11687,6/6/2025,2898753242884000000000, $194.032 
11688,10/6/2025,7385183762532280000000, $181.994 
11689,7/6/2025,8149043925352400000000, $175.638 
11690,7/6/2025,8466841099794280000000, $190.959 
11691,10/6/2025,9485782608370420000000, $195.563 
11692,15/6/2025,8913811465076470000000, $176.360 
11693,3/6/2025,8401655961961310000000, $177.823 
11694,7/6/2025,1831622936090280000000, $172.998 
11695,10/6/2025,9959869731196110000000, $98.600 
11696,13/6/2025,2772929965369000000000, $193.411 
11697,10/6/2025,9391219716521860000000, $198.552 
11698,6/6/2025,8913811465076470000000, $161.845 
11699,1/6/2025,6758376167184140000000, $130.803 
11700,1/6/2025,6049589250331260000000, $151.240 
11701,2/6/2025,4058688834338790000000, $194.227 
11702,1/6/2025,3903575001225800000000, $189.323 
11703,8/6/2025,9531471274862790000000, $91.958 
11704,1/6/2025,3747440670864670000000, $84.014 
11705,5/6/2025,6522317459479750000000, $52.244 
11706,15/6/2025,3569167187044620000000, $168.569 
11707,3/6/2025,4921783310033160000000, $65.248 
11708,10/6/2025,7152486951219100000000, $128.716 
11709,2/6/2025,8944383491849780000000, $128.323 
11710,3/6/2025,4919495851948610000000, $68.595 
11711,11/6/2025,3139598518491610000000, $99.300 
11712,7/6/2025,9064821306055800000000, $72.796 
11713,7/6/2025,2567099084090720000000, $65.012 
11714,10/6/2025,2003509300646090000000, $72.242 
11715,6/6/2025,9873052363609460000000, $175.749 
11716,1/6/2025,8149043925352400000000, $140.630 
11717,15/6/2025,2003509300646090000000, $183.805 
11718,4/6/2025,2129873779400220000000, $130.352 
11719,3/6/2025,2476716673525860000000, $114.839 
11720,5/6/2025,6097490679148810000000, $120.779 
11721,5/6/2025,4006646858395060000000, $190.309 
11722,11/6/2025,4462155701852230000000, $190.889 
11723,11/6/2025,5468347189492110000000, $190.251 
11724,12/6/2025,1599906229584790000000, $72.643 
11725,6/6/2025,9485782608370420000000, $64.940 
11726,4/6/2025,5930181715250340000000, $102.364 
11727,4/6/2025,5973855585697530000000, $146.991 
11728,7/6/2025,3542404477456310000000, $156.656 
11729,14/6/2025,5513026903129130000000, $70.480 
11730,3/6/2025,7997907978126240000000, $69.992 
11731,2/6/2025,9649641498478330000000, $131.642 
11732,6/6/2025,5782501953513740000000, $192.277 
11733,14/6/2025,9098586370061070000000, $135.905 
11734,2/6/2025,5782501953513740000000, $162.827 
11735,12/6/2025,9090011910089050000000, $193.877 
11736,3/6/2025,3266747550821390000000, $185.856 
11737,13/6/2025,2772929965369000000000, $59.715 
11738,8/6/2025,3266747550821390000000, $180.870 
11739,13/6/2025,1529399085474410000000, $136.452 
11740,9/6/2025,1135532276120800000000, $116.348 
11741,13/6/2025,4203623168121110000000, $106.823 
11742,3/6/2025,4921783310033160000000, $86.713 
11743,11/6/2025,2476716673525860000000, $57.060 
11744,14/6/2025,7863471034839500000000, $164.449 
11745,12/6/2025,2399512060225930000000, $77.698 
11746,4/6/2025,6793018414117640000000, $154.716 
11747,7/6/2025,5117305773618830000000, $99.617 
11748,15/6/2025,9098586370061070000000, $140.339 
11749,1/6/2025,4058688834338790000000, $159.374 
11750,6/6/2025,5120658000397530000000, $187.876 
11751,9/6/2025,9301914663635570000000, $166.872 
11752,14/6/2025,7997907978126240000000, $96.242 
11753,7/6/2025,7900703138674360000000, $88.248 
11754,1/6/2025,2314407897385040000000, $126.591 
11755,13/6/2025,3253840470755770000000, $74.600 
11756,14/6/2025,8913811465076470000000, $148.739 
11757,7/6/2025,1424460508640730000000, $190.238 
11758,9/6/2025,3139598518491610000000, $55.529 
11759,13/6/2025,2399512060225930000000, $199.464 
11760,6/6/2025,8944383491849780000000, $64.523 
11761,11/6/2025,9798767349218530000000, $72.439 
11762,3/6/2025,3747440670864670000000, $170.225 
11763,13/6/2025,8555737009968730000000, $158.053 
11764,4/6/2025,1135532276120800000000, $144.118 
11765,3/6/2025,7863471034839500000000, $141.888 
11766,3/6/2025,6758376167184140000000, $148.818 
11767,2/6/2025,7385183762532280000000, $126.176 
11768,11/6/2025,5117305773618830000000, $197.660 
11769,14/6/2025,8445671467790750000000, $89.503 
11770,13/6/2025,7152486951219100000000, $105.121 
11771,12/6/2025,1831622936090280000000, $164.660 
11772,15/6/2025,8401655961961310000000, $84.235 
11773,13/6/2025,7952040138615920000000, $103.921 
11774,14/6/2025,8203993523394500000000, $112.853 
11775,3/6/2025,7899686173854950000000, $122.494 
11776,1/6/2025,1424460508640730000000, $69.574 
11777,15/6/2025,3542404477456310000000, $182.131 
11778,10/6/2025,4198878848270070000000, $121.911 
11779,10/6/2025,5465692922711630000000, $105.418 
11780,11/6/2025,4532573105843790000000, $194.172 
11781,2/6/2025,8913811465076470000000, $154.885 
11782,15/6/2025,4609186475649680000000, $192.894 
11783,4/6/2025,8203993523394500000000, $168.680 
11784,5/6/2025,3154817750445590000000, $99.548 
11785,5/6/2025,9064821306055800000000, $183.378 
11786,15/6/2025,9959869731196110000000, $185.151 
11787,14/6/2025,5738542183850040000000, $125.003 
11788,6/6/2025,5846237021143900000000, $69.787 
11789,6/6/2025,5513026903129130000000, $102.363 
11790,2/6/2025,2314407897385040000000, $195.561 
11791,6/6/2025,4921783310033160000000, $77.747 
11792,14/6/2025,3967038078211300000000, $80.009 
11793,1/6/2025,3253840470755770000000, $82.046 
11794,6/6/2025,9649641498478330000000, $57.852 
11795,5/6/2025,1686688768285500000000, $187.752 
11796,10/6/2025,5117305773618830000000, $105.023 
11797,14/6/2025,2898753242884000000000, $195.037 
11798,1/6/2025,4739093289474880000000, $184.340 
11799,9/6/2025,3747440670864670000000, $92.364 
,,,
